,Id,Quantity,disc_0.0,disc_0.05,disc_0.1,disc_0.15,disc_0.2,disc_0.25
0,10248/11,12,1,0,0,0,0,0
1,10248/42,10,1,0,0,0,0,0
2,10248/72,5,1,0,0,0,0,0
3,10249/14,9,1,0,0,0,0,0
4,10249/51,40,1,0,0,0,0,0
5,10250/41,10,1,0,0,0,0,0
6,10250/51,35,0,0,0,1,0,0
7,10250/65,15,0,0,0,1,0,0
8,10251/22,6,0,1,0,0,0,0
9,10251/57,15,0,1,0,0,0,0
10,10251/65,20,1,0,0,0,0,0
11,10252/20,40,0,1,0,0,0,0
12,10252/33,25,0,1,0,0,0,0
13,10252/60,40,1,0,0,0,0,0
14,10253/31,20,1,0,0,0,0,0
15,10253/39,42,1,0,0,0,0,0
16,10253/49,40,1,0,0,0,0,0
17,10254/24,15,0,0,0,1,0,0
18,10254/55,21,0,0,0,1,0,0
19,10254/74,21,1,0,0,0,0,0
20,10255/2,20,1,0,0,0,0,0
21,10255/16,35,1,0,0,0,0,0
22,10255/36,25,1,0,0,0,0,0
23,10255/59,30,1,0,0,0,0,0
24,10256/53,15,1,0,0,0,0,0
25,10256/77,12,1,0,0,0,0,0
26,10257/27,25,1,0,0,0,0,0
27,10257/39,6,1,0,0,0,0,0
28,10257/77,15,1,0,0,0,0,0
29,10258/2,50,0,0,0,0,1,0
30,10258/5,65,0,0,0,0,1,0
31,10258/32,6,0,0,0,0,1,0
32,10259/21,10,1,0,0,0,0,0
33,10259/37,1,1,0,0,0,0,0
34,10260/41,16,0,0,0,0,0,1
35,10260/57,50,1,0,0,0,0,0
36,10260/62,15,0,0,0,0,0,1
37,10260/70,21,0,0,0,0,0,1
38,10261/21,20,1,0,0,0,0,0
39,10261/35,20,1,0,0,0,0,0
40,10262/5,12,0,0,0,0,1,0
41,10262/7,15,1,0,0,0,0,0
42,10262/56,2,1,0,0,0,0,0
43,10263/16,60,0,0,0,0,0,1
44,10263/24,28,1,0,0,0,0,0
45,10263/30,60,0,0,0,0,0,1
46,10263/74,36,0,0,0,0,0,1
47,10264/2,35,1,0,0,0,0,0
48,10264/41,25,0,0,0,1,0,0
49,10265/17,30,1,0,0,0,0,0
50,10265/70,20,1,0,0,0,0,0
51,10266/12,12,0,1,0,0,0,0
52,10267/40,50,1,0,0,0,0,0
53,10267/59,70,0,0,0,1,0,0
54,10267/76,15,0,0,0,1,0,0
55,10268/29,10,1,0,0,0,0,0
56,10268/72,4,1,0,0,0,0,0
57,10269/33,60,0,1,0,0,0,0
58,10269/72,20,0,1,0,0,0,0
59,10270/36,30,1,0,0,0,0,0
60,10270/43,25,1,0,0,0,0,0
61,10271/33,24,1,0,0,0,0,0
62,10272/20,6,1,0,0,0,0,0
63,10272/31,40,1,0,0,0,0,0
64,10272/72,24,1,0,0,0,0,0
65,10273/10,24,0,1,0,0,0,0
66,10273/31,15,0,1,0,0,0,0
67,10273/33,20,1,0,0,0,0,0
68,10273/40,60,0,1,0,0,0,0
69,10273/76,33,0,1,0,0,0,0
70,10274/71,20,1,0,0,0,0,0
71,10274/72,7,1,0,0,0,0,0
72,10275/24,12,0,1,0,0,0,0
73,10275/59,6,0,1,0,0,0,0
74,10276/10,15,1,0,0,0,0,0
75,10276/13,10,1,0,0,0,0,0
76,10277/28,20,1,0,0,0,0,0
77,10277/62,12,1,0,0,0,0,0
78,10278/44,16,1,0,0,0,0,0
79,10278/59,15,1,0,0,0,0,0
80,10278/63,8,1,0,0,0,0,0
81,10278/73,25,1,0,0,0,0,0
82,10279/17,15,0,0,0,0,0,1
83,10280/24,12,1,0,0,0,0,0
84,10280/55,20,1,0,0,0,0,0
85,10280/75,30,1,0,0,0,0,0
86,10281/19,1,1,0,0,0,0,0
87,10281/24,6,1,0,0,0,0,0
88,10281/35,4,1,0,0,0,0,0
89,10282/30,6,1,0,0,0,0,0
90,10282/57,2,1,0,0,0,0,0
91,10283/15,20,1,0,0,0,0,0
92,10283/19,18,1,0,0,0,0,0
93,10283/60,35,1,0,0,0,0,0
94,10283/72,3,1,0,0,0,0,0
95,10284/27,15,0,0,0,0,0,1
96,10284/44,21,1,0,0,0,0,0
97,10284/60,20,0,0,0,0,0,1
98,10284/67,5,0,0,0,0,0,1
99,10285/1,45,0,0,0,0,1,0
100,10285/40,40,0,0,0,0,1,0
101,10285/53,36,0,0,0,0,1,0
102,10286/35,100,1,0,0,0,0,0
103,10286/62,40,1,0,0,0,0,0
104,10287/16,40,0,0,0,1,0,0
105,10287/34,20,1,0,0,0,0,0
106,10287/46,15,0,0,0,1,0,0
107,10288/54,10,0,0,1,0,0,0
108,10288/68,3,0,0,1,0,0,0
109,10289/3,30,1,0,0,0,0,0
110,10289/64,9,1,0,0,0,0,0
111,10290/5,20,1,0,0,0,0,0
112,10290/29,15,1,0,0,0,0,0
113,10290/49,15,1,0,0,0,0,0
114,10290/77,10,1,0,0,0,0,0
115,10291/13,20,0,0,1,0,0,0
116,10291/44,24,0,0,1,0,0,0
117,10291/51,2,0,0,1,0,0,0
118,10292/20,20,1,0,0,0,0,0
119,10293/18,12,1,0,0,0,0,0
120,10293/24,10,1,0,0,0,0,0
121,10293/63,5,1,0,0,0,0,0
122,10293/75,6,1,0,0,0,0,0
123,10294/1,18,1,0,0,0,0,0
124,10294/17,15,1,0,0,0,0,0
125,10294/43,15,1,0,0,0,0,0
126,10294/60,21,1,0,0,0,0,0
127,10294/75,6,1,0,0,0,0,0
128,10295/56,4,1,0,0,0,0,0
129,10296/11,12,1,0,0,0,0,0
130,10296/16,30,1,0,0,0,0,0
131,10296/69,15,1,0,0,0,0,0
132,10297/39,60,1,0,0,0,0,0
133,10297/72,20,1,0,0,0,0,0
134,10298/2,40,1,0,0,0,0,0
135,10298/36,40,0,0,0,0,0,1
136,10298/59,30,0,0,0,0,0,1
137,10298/62,15,1,0,0,0,0,0
138,10299/19,15,1,0,0,0,0,0
139,10299/70,20,1,0,0,0,0,0
140,10300/66,30,1,0,0,0,0,0
141,10300/68,20,1,0,0,0,0,0
142,10301/40,10,1,0,0,0,0,0
143,10301/56,20,1,0,0,0,0,0
144,10302/17,40,1,0,0,0,0,0
145,10302/28,28,1,0,0,0,0,0
146,10302/43,12,1,0,0,0,0,0
147,10303/40,40,0,0,1,0,0,0
148,10303/65,30,0,0,1,0,0,0
149,10303/68,15,0,0,1,0,0,0
150,10304/49,30,1,0,0,0,0,0
151,10304/59,10,1,0,0,0,0,0
152,10304/71,2,1,0,0,0,0,0
153,10305/18,25,0,0,1,0,0,0
154,10305/29,25,0,0,1,0,0,0
155,10305/39,30,0,0,1,0,0,0
156,10306/30,10,1,0,0,0,0,0
157,10306/53,10,1,0,0,0,0,0
158,10306/54,5,1,0,0,0,0,0
159,10307/62,10,1,0,0,0,0,0
160,10307/68,3,1,0,0,0,0,0
161,10308/69,1,1,0,0,0,0,0
162,10308/70,5,1,0,0,0,0,0
163,10309/4,20,1,0,0,0,0,0
164,10309/6,30,1,0,0,0,0,0
165,10309/42,2,1,0,0,0,0,0
166,10309/43,20,1,0,0,0,0,0
167,10309/71,3,1,0,0,0,0,0
168,10310/16,10,1,0,0,0,0,0
169,10310/62,5,1,0,0,0,0,0
170,10311/42,6,1,0,0,0,0,0
171,10311/69,7,1,0,0,0,0,0
172,10312/28,4,1,0,0,0,0,0
173,10312/43,24,1,0,0,0,0,0
174,10312/53,20,1,0,0,0,0,0
175,10312/75,10,1,0,0,0,0,0
176,10313/36,12,1,0,0,0,0,0
177,10314/32,40,0,0,1,0,0,0
178,10314/58,30,0,0,1,0,0,0
179,10314/62,25,0,0,1,0,0,0
180,10315/34,14,1,0,0,0,0,0
181,10315/70,30,1,0,0,0,0,0
182,10316/41,10,1,0,0,0,0,0
183,10316/62,70,1,0,0,0,0,0
184,10317/1,20,1,0,0,0,0,0
185,10318/41,20,1,0,0,0,0,0
186,10318/76,6,1,0,0,0,0,0
187,10319/17,8,1,0,0,0,0,0
188,10319/28,14,1,0,0,0,0,0
189,10319/76,30,1,0,0,0,0,0
190,10320/71,30,1,0,0,0,0,0
191,10321/35,10,1,0,0,0,0,0
192,10322/52,20,1,0,0,0,0,0
193,10323/15,5,1,0,0,0,0,0
194,10323/25,4,1,0,0,0,0,0
195,10323/39,4,1,0,0,0,0,0
196,10324/16,21,0,0,0,1,0,0
197,10324/35,70,0,0,0,1,0,0
198,10324/46,30,1,0,0,0,0,0
199,10324/59,40,0,0,0,1,0,0
200,10324/63,80,0,0,0,1,0,0
201,10325/6,6,1,0,0,0,0,0
202,10325/13,12,1,0,0,0,0,0
203,10325/14,9,1,0,0,0,0,0
204,10325/31,4,1,0,0,0,0,0
205,10325/72,40,1,0,0,0,0,0
206,10326/4,24,1,0,0,0,0,0
207,10326/57,16,1,0,0,0,0,0
208,10326/75,50,1,0,0,0,0,0
209,10327/2,25,0,0,0,0,1,0
210,10327/11,50,0,0,0,0,1,0
211,10327/30,35,0,0,0,0,1,0
212,10327/58,30,0,0,0,0,1,0
213,10328/59,9,1,0,0,0,0,0
214,10328/65,40,1,0,0,0,0,0
215,10328/68,10,1,0,0,0,0,0
216,10329/19,10,0,1,0,0,0,0
217,10329/30,8,0,1,0,0,0,0
218,10329/38,20,0,1,0,0,0,0
219,10329/56,12,0,1,0,0,0,0
220,10330/26,50,0,0,0,1,0,0
221,10330/72,25,0,0,0,1,0,0
222,10331/54,15,1,0,0,0,0,0
223,10332/18,40,0,0,0,0,1,0
224,10332/42,10,0,0,0,0,1,0
225,10332/47,16,0,0,0,0,1,0
226,10333/14,10,1,0,0,0,0,0
227,10333/21,10,0,0,1,0,0,0
228,10333/71,40,0,0,1,0,0,0
229,10334/52,8,1,0,0,0,0,0
230,10334/68,10,1,0,0,0,0,0
231,10335/2,7,0,0,0,0,1,0
232,10335/31,25,0,0,0,0,1,0
233,10335/32,6,0,0,0,0,1,0
234,10335/51,48,0,0,0,0,1,0
235,10336/4,18,0,0,1,0,0,0
236,10337/23,40,1,0,0,0,0,0
237,10337/26,24,1,0,0,0,0,0
238,10337/36,20,1,0,0,0,0,0
239,10337/37,28,1,0,0,0,0,0
240,10337/72,25,1,0,0,0,0,0
241,10338/17,20,1,0,0,0,0,0
242,10338/30,15,1,0,0,0,0,0
243,10339/4,10,1,0,0,0,0,0
244,10339/17,70,0,1,0,0,0,0
245,10339/62,28,1,0,0,0,0,0
246,10340/18,20,0,1,0,0,0,0
247,10340/41,12,0,1,0,0,0,0
248,10340/43,40,0,1,0,0,0,0
249,10341/33,8,1,0,0,0,0,0
250,10341/59,9,0,0,0,1,0,0
251,10342/2,24,0,0,0,0,1,0
252,10342/31,56,0,0,0,0,1,0
253,10342/36,40,0,0,0,0,1,0
254,10342/55,40,0,0,0,0,1,0
255,10343/64,50,1,0,0,0,0,0
256,10343/68,4,0,1,0,0,0,0
257,10343/76,15,1,0,0,0,0,0
258,10344/4,35,1,0,0,0,0,0
259,10344/8,70,0,0,0,0,0,1
260,10345/8,70,1,0,0,0,0,0
261,10345/19,80,1,0,0,0,0,0
262,10345/42,9,1,0,0,0,0,0
263,10346/17,36,0,0,1,0,0,0
264,10346/56,20,1,0,0,0,0,0
265,10347/25,10,1,0,0,0,0,0
266,10347/39,50,0,0,0,1,0,0
267,10347/40,4,1,0,0,0,0,0
268,10347/75,6,0,0,0,1,0,0
269,10348/1,15,0,0,0,1,0,0
270,10348/23,25,1,0,0,0,0,0
271,10349/54,24,1,0,0,0,0,0
272,10350/50,15,0,0,1,0,0,0
273,10350/69,18,0,0,1,0,0,0
274,10351/38,20,0,1,0,0,0,0
275,10351/41,13,1,0,0,0,0,0
276,10351/44,77,0,1,0,0,0,0
277,10351/65,10,0,1,0,0,0,0
278,10352/24,10,1,0,0,0,0,0
279,10352/54,20,0,0,0,1,0,0
280,10353/11,12,0,0,0,0,1,0
281,10353/38,50,0,0,0,0,1,0
282,10354/1,12,1,0,0,0,0,0
283,10354/29,4,1,0,0,0,0,0
284,10355/24,25,1,0,0,0,0,0
285,10355/57,25,1,0,0,0,0,0
286,10356/31,30,1,0,0,0,0,0
287,10356/55,12,1,0,0,0,0,0
288,10356/69,20,1,0,0,0,0,0
289,10357/10,30,0,0,0,0,1,0
290,10357/26,16,1,0,0,0,0,0
291,10357/60,8,0,0,0,0,1,0
292,10358/24,10,0,1,0,0,0,0
293,10358/34,10,0,1,0,0,0,0
294,10358/36,20,0,1,0,0,0,0
295,10359/16,56,0,1,0,0,0,0
296,10359/31,70,0,1,0,0,0,0
297,10359/60,80,0,1,0,0,0,0
298,10360/28,30,1,0,0,0,0,0
299,10360/29,35,1,0,0,0,0,0
300,10360/38,10,1,0,0,0,0,0
301,10360/49,35,1,0,0,0,0,0
302,10360/54,28,1,0,0,0,0,0
303,10361/39,54,0,0,1,0,0,0
304,10361/60,55,0,0,1,0,0,0
305,10362/25,50,1,0,0,0,0,0
306,10362/51,20,1,0,0,0,0,0
307,10362/54,24,1,0,0,0,0,0
308,10363/31,20,1,0,0,0,0,0
309,10363/75,12,1,0,0,0,0,0
310,10363/76,12,1,0,0,0,0,0
311,10364/69,30,1,0,0,0,0,0
312,10364/71,5,1,0,0,0,0,0
313,10365/11,24,1,0,0,0,0,0
314,10366/65,5,1,0,0,0,0,0
315,10366/77,5,1,0,0,0,0,0
316,10367/34,36,1,0,0,0,0,0
317,10367/54,18,1,0,0,0,0,0
318,10367/65,15,1,0,0,0,0,0
319,10367/77,7,1,0,0,0,0,0
320,10368/21,5,0,0,1,0,0,0
321,10368/28,13,0,0,1,0,0,0
322,10368/57,25,1,0,0,0,0,0
323,10368/64,35,0,0,1,0,0,0
324,10369/29,20,1,0,0,0,0,0
325,10369/56,18,0,0,0,0,0,1
326,10370/1,15,0,0,0,1,0,0
327,10370/64,30,1,0,0,0,0,0
328,10370/74,20,0,0,0,1,0,0
329,10371/36,6,0,0,0,0,1,0
330,10372/20,12,0,0,0,0,0,1
331,10372/38,40,0,0,0,0,0,1
332,10372/60,70,0,0,0,0,0,1
333,10372/72,42,0,0,0,0,0,1
334,10373/58,80,0,0,0,0,1,0
335,10373/71,50,0,0,0,0,1,0
336,10374/31,30,1,0,0,0,0,0
337,10374/58,15,1,0,0,0,0,0
338,10375/14,15,1,0,0,0,0,0
339,10375/54,10,1,0,0,0,0,0
340,10376/31,42,0,1,0,0,0,0
341,10377/28,20,0,0,0,1,0,0
342,10377/39,20,0,0,0,1,0,0
343,10378/71,6,1,0,0,0,0,0
344,10379/41,8,0,0,1,0,0,0
345,10379/63,16,0,0,1,0,0,0
346,10379/65,20,0,0,1,0,0,0
347,10380/30,18,0,0,1,0,0,0
348,10380/53,20,0,0,1,0,0,0
349,10380/60,6,0,0,1,0,0,0
350,10380/70,30,1,0,0,0,0,0
351,10381/74,14,1,0,0,0,0,0
352,10382/5,32,1,0,0,0,0,0
353,10382/18,9,1,0,0,0,0,0
354,10382/29,14,1,0,0,0,0,0
355,10382/33,60,1,0,0,0,0,0
356,10382/74,50,1,0,0,0,0,0
357,10383/13,20,1,0,0,0,0,0
358,10383/50,15,1,0,0,0,0,0
359,10383/56,20,1,0,0,0,0,0
360,10384/20,28,1,0,0,0,0,0
361,10384/60,15,1,0,0,0,0,0
362,10385/7,10,0,0,0,0,1,0
363,10385/60,20,0,0,0,0,1,0
364,10385/68,8,0,0,0,0,1,0
365,10386/24,15,1,0,0,0,0,0
366,10386/34,10,1,0,0,0,0,0
367,10387/24,15,1,0,0,0,0,0
368,10387/28,6,1,0,0,0,0,0
369,10387/59,12,1,0,0,0,0,0
370,10387/71,15,1,0,0,0,0,0
371,10388/45,15,0,0,0,0,1,0
372,10388/52,20,0,0,0,0,1,0
373,10388/53,40,1,0,0,0,0,0
374,10389/10,16,1,0,0,0,0,0
375,10389/55,15,1,0,0,0,0,0
376,10389/62,20,1,0,0,0,0,0
377,10389/70,30,1,0,0,0,0,0
378,10390/31,60,0,0,1,0,0,0
379,10390/35,40,0,0,1,0,0,0
380,10390/46,45,1,0,0,0,0,0
381,10390/72,24,0,0,1,0,0,0
382,10391/13,18,1,0,0,0,0,0
383,10392/69,50,1,0,0,0,0,0
384,10393/2,25,0,0,0,0,0,1
385,10393/14,42,0,0,0,0,0,1
386,10393/25,7,0,0,0,0,0,1
387,10393/26,70,0,0,0,0,0,1
388,10393/31,32,1,0,0,0,0,0
389,10394/13,10,1,0,0,0,0,0
390,10394/62,10,1,0,0,0,0,0
391,10395/46,28,0,0,1,0,0,0
392,10395/53,70,0,0,1,0,0,0
393,10395/69,8,1,0,0,0,0,0
394,10396/23,40,1,0,0,0,0,0
395,10396/71,60,1,0,0,0,0,0
396,10396/72,21,1,0,0,0,0,0
397,10397/21,10,0,0,0,1,0,0
398,10397/51,18,0,0,0,1,0,0
399,10398/35,30,1,0,0,0,0,0
400,10398/55,120,0,0,1,0,0,0
401,10399/68,60,1,0,0,0,0,0
402,10399/71,30,1,0,0,0,0,0
403,10399/76,35,1,0,0,0,0,0
404,10399/77,14,1,0,0,0,0,0
405,10400/29,21,1,0,0,0,0,0
406,10400/35,35,1,0,0,0,0,0
407,10400/49,30,1,0,0,0,0,0
408,10401/30,18,1,0,0,0,0,0
409,10401/56,70,1,0,0,0,0,0
410,10401/65,20,1,0,0,0,0,0
411,10401/71,60,1,0,0,0,0,0
412,10402/23,60,1,0,0,0,0,0
413,10402/63,65,1,0,0,0,0,0
414,10403/16,21,0,0,0,1,0,0
415,10403/48,70,0,0,0,1,0,0
416,10404/26,30,0,1,0,0,0,0
417,10404/42,40,0,1,0,0,0,0
418,10404/49,30,0,1,0,0,0,0
419,10405/3,50,1,0,0,0,0,0
420,10406/1,10,1,0,0,0,0,0
421,10406/21,30,0,0,1,0,0,0
422,10406/28,42,0,0,1,0,0,0
423,10406/36,5,0,0,1,0,0,0
424,10406/40,2,0,0,1,0,0,0
425,10407/11,30,1,0,0,0,0,0
426,10407/69,15,1,0,0,0,0,0
427,10407/71,15,1,0,0,0,0,0
428,10408/37,10,1,0,0,0,0,0
429,10408/54,6,1,0,0,0,0,0
430,10408/62,35,1,0,0,0,0,0
431,10409/14,12,1,0,0,0,0,0
432,10409/21,12,1,0,0,0,0,0
433,10410/33,49,1,0,0,0,0,0
434,10410/59,16,1,0,0,0,0,0
435,10411/41,25,0,0,0,0,1,0
436,10411/44,40,0,0,0,0,1,0
437,10411/59,9,0,0,0,0,1,0
438,10412/14,20,0,0,1,0,0,0
439,10413/1,24,1,0,0,0,0,0
440,10413/62,40,1,0,0,0,0,0
441,10413/76,14,1,0,0,0,0,0
442,10414/19,18,0,1,0,0,0,0
443,10414/33,50,1,0,0,0,0,0
444,10415/17,2,1,0,0,0,0,0
445,10415/33,20,1,0,0,0,0,0
446,10416/19,20,1,0,0,0,0,0
447,10416/53,10,1,0,0,0,0,0
448,10416/57,20,1,0,0,0,0,0
449,10417/38,50,1,0,0,0,0,0
450,10417/46,2,0,0,0,0,0,1
451,10417/68,36,0,0,0,0,0,1
452,10417/77,35,1,0,0,0,0,0
453,10418/2,60,1,0,0,0,0,0
454,10418/47,55,1,0,0,0,0,0
455,10418/61,16,1,0,0,0,0,0
456,10418/74,15,1,0,0,0,0,0
457,10419/60,60,0,1,0,0,0,0
458,10419/69,20,0,1,0,0,0,0
459,10420/9,20,0,0,1,0,0,0
460,10420/13,2,0,0,1,0,0,0
461,10420/70,8,0,0,1,0,0,0
462,10420/73,20,0,0,1,0,0,0
463,10421/19,4,0,0,0,1,0,0
464,10421/26,30,1,0,0,0,0,0
465,10421/53,15,0,0,0,1,0,0
466,10421/77,10,0,0,0,1,0,0
467,10422/26,2,1,0,0,0,0,0
468,10423/31,14,1,0,0,0,0,0
469,10423/59,20,1,0,0,0,0,0
470,10424/35,60,0,0,0,0,1,0
471,10424/38,49,0,0,0,0,1,0
472,10424/68,30,0,0,0,0,1,0
473,10425/55,10,0,0,0,0,0,1
474,10425/76,20,0,0,0,0,0,1
475,10426/56,5,1,0,0,0,0,0
476,10426/64,7,1,0,0,0,0,0
477,10427/14,35,1,0,0,0,0,0
478,10428/46,20,1,0,0,0,0,0
479,10429/50,40,1,0,0,0,0,0
480,10429/63,35,0,0,0,0,0,1
481,10430/17,45,0,0,0,0,1,0
482,10430/21,50,1,0,0,0,0,0
483,10430/56,30,1,0,0,0,0,0
484,10430/59,70,0,0,0,0,1,0
485,10431/17,50,0,0,0,0,0,1
486,10431/40,50,0,0,0,0,0,1
487,10431/47,30,0,0,0,0,0,1
488,10432/26,10,1,0,0,0,0,0
489,10432/54,40,1,0,0,0,0,0
490,10433/56,28,1,0,0,0,0,0
491,10434/11,6,1,0,0,0,0,0
492,10434/76,18,0,0,0,1,0,0
493,10435/2,10,1,0,0,0,0,0
494,10435/22,12,1,0,0,0,0,0
495,10435/72,10,1,0,0,0,0,0
496,10436/46,5,1,0,0,0,0,0
497,10436/56,40,0,0,1,0,0,0
498,10436/64,30,0,0,1,0,0,0
499,10436/75,24,0,0,1,0,0,0
500,10437/53,15,1,0,0,0,0,0
501,10438/19,15,0,0,0,0,1,0
502,10438/34,20,0,0,0,0,1,0
503,10438/57,15,0,0,0,0,1,0
504,10439/12,15,1,0,0,0,0,0
505,10439/16,16,1,0,0,0,0,0
506,10439/64,6,1,0,0,0,0,0
507,10439/74,30,1,0,0,0,0,0
508,10440/2,45,0,0,0,1,0,0
509,10440/16,49,0,0,0,1,0,0
510,10440/29,24,0,0,0,1,0,0
511,10440/61,90,0,0,0,1,0,0
512,10441/27,50,1,0,0,0,0,0
513,10442/11,30,1,0,0,0,0,0
514,10442/54,80,1,0,0,0,0,0
515,10442/66,60,1,0,0,0,0,0
516,10443/11,6,0,0,0,0,1,0
517,10443/28,12,1,0,0,0,0,0
518,10444/17,10,1,0,0,0,0,0
519,10444/26,15,1,0,0,0,0,0
520,10444/35,8,1,0,0,0,0,0
521,10444/41,30,1,0,0,0,0,0
522,10445/39,6,1,0,0,0,0,0
523,10445/54,15,1,0,0,0,0,0
524,10446/19,12,0,0,1,0,0,0
525,10446/24,20,0,0,1,0,0,0
526,10446/31,3,0,0,1,0,0,0
527,10446/52,15,0,0,1,0,0,0
528,10447/19,40,1,0,0,0,0,0
529,10447/65,35,1,0,0,0,0,0
530,10447/71,2,1,0,0,0,0,0
531,10448/26,6,1,0,0,0,0,0
532,10448/40,20,1,0,0,0,0,0
533,10449/10,14,1,0,0,0,0,0
534,10449/52,20,1,0,0,0,0,0
535,10449/62,35,1,0,0,0,0,0
536,10450/10,20,0,0,0,0,1,0
537,10450/54,6,0,0,0,0,1,0
538,10451/55,120,0,0,1,0,0,0
539,10451/64,35,0,0,1,0,0,0
540,10451/65,28,0,0,1,0,0,0
541,10451/77,55,0,0,1,0,0,0
542,10452/28,15,1,0,0,0,0,0
543,10452/44,100,0,1,0,0,0,0
544,10453/48,15,0,0,1,0,0,0
545,10453/70,25,0,0,1,0,0,0
546,10454/16,20,0,0,0,0,1,0
547,10454/33,20,0,0,0,0,1,0
548,10454/46,10,0,0,0,0,1,0
549,10455/39,20,1,0,0,0,0,0
550,10455/53,50,1,0,0,0,0,0
551,10455/61,25,1,0,0,0,0,0
552,10455/71,30,1,0,0,0,0,0
553,10456/21,40,0,0,0,1,0,0
554,10456/49,21,0,0,0,1,0,0
555,10457/59,36,1,0,0,0,0,0
556,10458/26,30,1,0,0,0,0,0
557,10458/28,30,1,0,0,0,0,0
558,10458/43,20,1,0,0,0,0,0
559,10458/56,15,1,0,0,0,0,0
560,10458/71,50,1,0,0,0,0,0
561,10459/7,16,0,1,0,0,0,0
562,10459/46,20,0,1,0,0,0,0
563,10459/72,40,1,0,0,0,0,0
564,10460/68,21,0,0,0,0,0,1
565,10460/75,4,0,0,0,0,0,1
566,10461/21,40,0,0,0,0,0,1
567,10461/30,28,0,0,0,0,0,1
568,10461/55,60,0,0,0,0,0,1
569,10462/13,1,1,0,0,0,0,0
570,10462/23,21,1,0,0,0,0,0
571,10463/19,21,1,0,0,0,0,0
572,10463/42,50,1,0,0,0,0,0
573,10464/4,16,0,0,0,0,1,0
574,10464/43,3,1,0,0,0,0,0
575,10464/56,30,0,0,0,0,1,0
576,10464/60,20,1,0,0,0,0,0
577,10465/24,25,1,0,0,0,0,0
578,10465/29,18,0,0,1,0,0,0
579,10465/40,20,1,0,0,0,0,0
580,10465/45,30,0,0,1,0,0,0
581,10465/50,25,1,0,0,0,0,0
582,10466/11,10,1,0,0,0,0,0
583,10466/46,5,1,0,0,0,0,0
584,10467/24,28,1,0,0,0,0,0
585,10467/25,12,1,0,0,0,0,0
586,10468/30,8,1,0,0,0,0,0
587,10468/43,15,1,0,0,0,0,0
588,10469/2,40,0,0,0,1,0,0
589,10469/16,35,0,0,0,1,0,0
590,10469/44,2,0,0,0,1,0,0
591,10470/18,30,1,0,0,0,0,0
592,10470/23,15,1,0,0,0,0,0
593,10470/64,8,1,0,0,0,0,0
594,10471/7,30,1,0,0,0,0,0
595,10471/56,20,1,0,0,0,0,0
596,10472/24,80,0,1,0,0,0,0
597,10472/51,18,1,0,0,0,0,0
598,10473/33,12,1,0,0,0,0,0
599,10473/71,12,1,0,0,0,0,0
600,10474/14,12,1,0,0,0,0,0
601,10474/28,18,1,0,0,0,0,0
602,10474/40,21,1,0,0,0,0,0
603,10474/75,10,1,0,0,0,0,0
604,10475/31,35,0,0,0,1,0,0
605,10475/66,60,0,0,0,1,0,0
606,10475/76,42,0,0,0,1,0,0
607,10476/55,2,0,1,0,0,0,0
608,10476/70,12,1,0,0,0,0,0
609,10477/1,15,1,0,0,0,0,0
610,10477/21,21,0,0,0,0,0,1
611,10477/39,20,0,0,0,0,0,1
612,10478/10,20,0,1,0,0,0,0
613,10479/38,30,1,0,0,0,0,0
614,10479/53,28,1,0,0,0,0,0
615,10479/59,60,1,0,0,0,0,0
616,10479/64,30,1,0,0,0,0,0
617,10480/47,30,1,0,0,0,0,0
618,10480/59,12,1,0,0,0,0,0
619,10481/49,24,1,0,0,0,0,0
620,10481/60,40,1,0,0,0,0,0
621,10482/40,10,1,0,0,0,0,0
622,10483/34,35,0,1,0,0,0,0
623,10483/77,30,0,1,0,0,0,0
624,10484/21,14,1,0,0,0,0,0
625,10484/40,10,1,0,0,0,0,0
626,10484/51,3,1,0,0,0,0,0
627,10485/2,20,0,0,1,0,0,0
628,10485/3,20,0,0,1,0,0,0
629,10485/55,30,0,0,1,0,0,0
630,10485/70,60,0,0,1,0,0,0
631,10486/11,5,1,0,0,0,0,0
632,10486/51,25,1,0,0,0,0,0
633,10486/74,16,1,0,0,0,0,0
634,10487/19,5,1,0,0,0,0,0
635,10487/26,30,1,0,0,0,0,0
636,10487/54,24,0,0,0,0,0,1
637,10488/59,30,1,0,0,0,0,0
638,10488/73,20,0,0,0,0,1,0
639,10489/11,15,0,0,0,0,0,1
640,10489/16,18,1,0,0,0,0,0
641,10490/59,60,1,0,0,0,0,0
642,10490/68,30,1,0,0,0,0,0
643,10490/75,36,1,0,0,0,0,0
644,10491/44,15,0,0,0,1,0,0
645,10491/77,7,0,0,0,1,0,0
646,10492/25,60,0,1,0,0,0,0
647,10492/42,20,0,1,0,0,0,0
648,10493/65,15,0,0,1,0,0,0
649,10493/66,10,0,0,1,0,0,0
650,10493/69,10,0,0,1,0,0,0
651,10494/56,30,1,0,0,0,0,0
652,10495/23,10,1,0,0,0,0,0
653,10495/41,20,1,0,0,0,0,0
654,10495/77,5,1,0,0,0,0,0
655,10496/31,20,0,1,0,0,0,0
656,10497/56,14,1,0,0,0,0,0
657,10497/72,25,1,0,0,0,0,0
658,10497/77,25,1,0,0,0,0,0
659,10498/24,14,1,0,0,0,0,0
660,10498/40,5,1,0,0,0,0,0
661,10498/42,30,1,0,0,0,0,0
662,10499/28,20,1,0,0,0,0,0
663,10499/49,25,1,0,0,0,0,0
664,10500/15,12,0,1,0,0,0,0
665,10500/28,8,0,1,0,0,0,0
666,10501/54,20,1,0,0,0,0,0
667,10502/45,21,1,0,0,0,0,0
668,10502/53,6,1,0,0,0,0,0
669,10502/67,30,1,0,0,0,0,0
670,10503/14,70,1,0,0,0,0,0
671,10503/65,20,1,0,0,0,0,0
672,10504/2,12,1,0,0,0,0,0
673,10504/21,12,1,0,0,0,0,0
674,10504/53,10,1,0,0,0,0,0
675,10504/61,25,1,0,0,0,0,0
676,10505/62,3,1,0,0,0,0,0
677,10506/25,18,0,0,1,0,0,0
678,10506/70,14,0,0,1,0,0,0
679,10507/43,15,0,0,0,1,0,0
680,10507/48,15,0,0,0,1,0,0
681,10508/13,10,1,0,0,0,0,0
682,10508/39,10,1,0,0,0,0,0
683,10509/28,3,1,0,0,0,0,0
684,10510/29,36,1,0,0,0,0,0
685,10510/75,36,0,0,1,0,0,0
686,10511/4,50,0,0,0,1,0,0
687,10511/7,50,0,0,0,1,0,0
688,10511/8,10,0,0,0,1,0,0
689,10512/24,10,0,0,0,1,0,0
690,10512/46,9,0,0,0,1,0,0
691,10512/47,6,0,0,0,1,0,0
692,10512/60,12,0,0,0,1,0,0
693,10513/21,40,0,0,0,0,1,0
694,10513/32,50,0,0,0,0,1,0
695,10513/61,15,0,0,0,0,1,0
696,10514/20,39,1,0,0,0,0,0
697,10514/28,35,1,0,0,0,0,0
698,10514/56,70,1,0,0,0,0,0
699,10514/65,39,1,0,0,0,0,0
700,10514/75,50,1,0,0,0,0,0
701,10515/9,16,0,0,0,1,0,0
702,10515/16,50,1,0,0,0,0,0
703,10515/27,120,1,0,0,0,0,0
704,10515/33,16,0,0,0,1,0,0
705,10515/60,84,0,0,0,1,0,0
706,10516/18,25,0,0,1,0,0,0
707,10516/41,80,0,0,1,0,0,0
708,10516/42,20,1,0,0,0,0,0
709,10517/52,6,1,0,0,0,0,0
710,10517/59,4,1,0,0,0,0,0
711,10517/70,6,1,0,0,0,0,0
712,10518/24,5,1,0,0,0,0,0
713,10518/38,15,1,0,0,0,0,0
714,10518/44,9,1,0,0,0,0,0
715,10519/10,16,0,1,0,0,0,0
716,10519/56,40,1,0,0,0,0,0
717,10519/60,10,0,1,0,0,0,0
718,10520/24,8,1,0,0,0,0,0
719,10520/53,5,1,0,0,0,0,0
720,10521/35,3,1,0,0,0,0,0
721,10521/41,10,1,0,0,0,0,0
722,10521/68,6,1,0,0,0,0,0
723,10522/1,40,0,0,0,0,1,0
724,10522/8,24,1,0,0,0,0,0
725,10522/30,20,0,0,0,0,1,0
726,10522/40,25,0,0,0,0,1,0
727,10523/17,25,0,0,1,0,0,0
728,10523/20,15,0,0,1,0,0,0
729,10523/37,18,0,0,1,0,0,0
730,10523/41,6,0,0,1,0,0,0
731,10524/10,2,1,0,0,0,0,0
732,10524/30,10,1,0,0,0,0,0
733,10524/43,60,1,0,0,0,0,0
734,10524/54,15,1,0,0,0,0,0
735,10525/36,30,1,0,0,0,0,0
736,10525/40,15,0,0,1,0,0,0
737,10526/1,8,0,0,0,1,0,0
738,10526/13,10,1,0,0,0,0,0
739,10526/56,30,0,0,0,1,0,0
740,10527/4,50,0,0,1,0,0,0
741,10527/36,30,0,0,1,0,0,0
742,10528/11,3,1,0,0,0,0,0
743,10528/33,8,0,0,0,0,1,0
744,10528/72,9,1,0,0,0,0,0
745,10529/55,14,1,0,0,0,0,0
746,10529/68,20,1,0,0,0,0,0
747,10529/69,10,1,0,0,0,0,0
748,10530/17,40,1,0,0,0,0,0
749,10530/43,25,1,0,0,0,0,0
750,10530/61,20,1,0,0,0,0,0
751,10530/76,50,1,0,0,0,0,0
752,10531/59,2,1,0,0,0,0,0
753,10532/30,15,1,0,0,0,0,0
754,10532/66,24,1,0,0,0,0,0
755,10533/4,50,0,1,0,0,0,0
756,10533/72,24,1,0,0,0,0,0
757,10533/73,24,0,1,0,0,0,0
758,10534/30,10,1,0,0,0,0,0
759,10534/40,10,0,0,0,0,1,0
760,10534/54,10,0,0,0,0,1,0
761,10535/11,50,0,0,1,0,0,0
762,10535/40,10,0,0,1,0,0,0
763,10535/57,5,0,0,1,0,0,0
764,10535/59,15,0,0,1,0,0,0
765,10536/12,15,0,0,0,0,0,1
766,10536/31,20,1,0,0,0,0,0
767,10536/33,30,1,0,0,0,0,0
768,10536/60,35,0,0,0,0,0,1
769,10537/31,30,1,0,0,0,0,0
770,10537/51,6,1,0,0,0,0,0
771,10537/58,20,1,0,0,0,0,0
772,10537/72,21,1,0,0,0,0,0
773,10537/73,9,1,0,0,0,0,0
774,10538/70,7,1,0,0,0,0,0
775,10538/72,1,1,0,0,0,0,0
776,10539/13,8,1,0,0,0,0,0
777,10539/21,15,1,0,0,0,0,0
778,10539/33,15,1,0,0,0,0,0
779,10539/49,6,1,0,0,0,0,0
780,10540/3,60,1,0,0,0,0,0
781,10540/26,40,1,0,0,0,0,0
782,10540/38,30,1,0,0,0,0,0
783,10540/68,35,1,0,0,0,0,0
784,10541/24,35,0,0,1,0,0,0
785,10541/38,4,0,0,1,0,0,0
786,10541/65,36,0,0,1,0,0,0
787,10541/71,9,0,0,1,0,0,0
788,10542/11,15,0,1,0,0,0,0
789,10542/54,24,0,1,0,0,0,0
790,10543/12,30,0,0,0,1,0,0
791,10543/23,70,0,0,0,1,0,0
792,10544/28,7,1,0,0,0,0,0
793,10544/67,7,1,0,0,0,0,0
794,10545/11,10,1,0,0,0,0,0
795,10546/7,10,1,0,0,0,0,0
796,10546/35,30,1,0,0,0,0,0
797,10546/62,40,1,0,0,0,0,0
798,10547/32,24,0,0,0,1,0,0
799,10547/36,60,1,0,0,0,0,0
800,10548/34,10,0,0,0,0,0,1
801,10548/41,14,1,0,0,0,0,0
802,10549/31,55,0,0,0,1,0,0
803,10549/45,100,0,0,0,1,0,0
804,10549/51,48,0,0,0,1,0,0
805,10550/17,8,0,0,1,0,0,0
806,10550/19,10,1,0,0,0,0,0
807,10550/21,6,0,0,1,0,0,0
808,10550/61,10,0,0,1,0,0,0
809,10551/16,40,0,0,0,1,0,0
810,10551/35,20,0,0,0,1,0,0
811,10551/44,40,1,0,0,0,0,0
812,10552/69,18,1,0,0,0,0,0
813,10552/75,30,1,0,0,0,0,0
814,10553/11,15,1,0,0,0,0,0
815,10553/16,14,1,0,0,0,0,0
816,10553/22,24,1,0,0,0,0,0
817,10553/31,30,1,0,0,0,0,0
818,10553/35,6,1,0,0,0,0,0
819,10554/16,30,0,1,0,0,0,0
820,10554/23,20,0,1,0,0,0,0
821,10554/62,20,0,1,0,0,0,0
822,10554/77,10,0,1,0,0,0,0
823,10555/14,30,0,0,0,0,1,0
824,10555/19,35,0,0,0,0,1,0
825,10555/24,18,0,0,0,0,1,0
826,10555/51,20,0,0,0,0,1,0
827,10555/56,40,0,0,0,0,1,0
828,10556/72,24,1,0,0,0,0,0
829,10557/64,30,1,0,0,0,0,0
830,10557/75,20,1,0,0,0,0,0
831,10558/47,25,1,0,0,0,0,0
832,10558/51,20,1,0,0,0,0,0
833,10558/52,30,1,0,0,0,0,0
834,10558/53,18,1,0,0,0,0,0
835,10558/73,3,1,0,0,0,0,0
836,10559/41,12,0,1,0,0,0,0
837,10559/55,18,0,1,0,0,0,0
838,10560/30,20,1,0,0,0,0,0
839,10560/62,15,0,0,0,0,0,1
840,10561/44,10,1,0,0,0,0,0
841,10561/51,50,1,0,0,0,0,0
842,10562/33,20,0,0,1,0,0,0
843,10562/62,10,0,0,1,0,0,0
844,10563/36,25,1,0,0,0,0,0
845,10563/52,70,1,0,0,0,0,0
846,10564/17,16,0,1,0,0,0,0
847,10564/31,6,0,1,0,0,0,0
848,10564/55,25,0,1,0,0,0,0
849,10565/24,25,0,0,1,0,0,0
850,10565/64,18,0,0,1,0,0,0
851,10566/11,35,0,0,0,1,0,0
852,10566/18,18,0,0,0,1,0,0
853,10566/76,10,1,0,0,0,0,0
854,10567/31,60,0,0,0,0,1,0
855,10567/51,3,1,0,0,0,0,0
856,10567/59,40,0,0,0,0,1,0
857,10568/10,5,1,0,0,0,0,0
858,10569/31,35,0,0,0,0,1,0
859,10569/76,30,1,0,0,0,0,0
860,10570/11,15,0,1,0,0,0,0
861,10570/56,60,0,1,0,0,0,0
862,10571/14,11,0,0,0,1,0,0
863,10571/42,28,0,0,0,1,0,0
864,10572/16,12,0,0,1,0,0,0
865,10572/32,10,0,0,1,0,0,0
866,10572/40,50,1,0,0,0,0,0
867,10572/75,15,0,0,1,0,0,0
868,10573/17,18,1,0,0,0,0,0
869,10573/34,40,1,0,0,0,0,0
870,10573/53,25,1,0,0,0,0,0
871,10574/33,14,1,0,0,0,0,0
872,10574/40,2,1,0,0,0,0,0
873,10574/62,10,1,0,0,0,0,0
874,10574/64,6,1,0,0,0,0,0
875,10575/59,12,1,0,0,0,0,0
876,10575/63,6,1,0,0,0,0,0
877,10575/72,30,1,0,0,0,0,0
878,10575/76,10,1,0,0,0,0,0
879,10576/1,10,1,0,0,0,0,0
880,10576/31,20,1,0,0,0,0,0
881,10576/44,21,1,0,0,0,0,0
882,10577/39,10,1,0,0,0,0,0
883,10577/75,20,1,0,0,0,0,0
884,10577/77,18,1,0,0,0,0,0
885,10578/35,20,1,0,0,0,0,0
886,10578/57,6,1,0,0,0,0,0
887,10579/15,10,1,0,0,0,0,0
888,10579/75,21,1,0,0,0,0,0
889,10580/14,15,0,1,0,0,0,0
890,10580/41,9,0,1,0,0,0,0
891,10580/65,30,0,1,0,0,0,0
892,10581/75,50,0,0,0,0,1,0
893,10582/57,4,1,0,0,0,0,0
894,10582/76,14,1,0,0,0,0,0
895,10583/29,10,1,0,0,0,0,0
896,10583/60,24,0,0,0,1,0,0
897,10583/69,10,0,0,0,1,0,0
898,10584/31,50,0,1,0,0,0,0
899,10585/47,15,1,0,0,0,0,0
900,10586/52,4,0,0,0,1,0,0
901,10587/26,6,1,0,0,0,0,0
902,10587/35,20,1,0,0,0,0,0
903,10587/77,20,1,0,0,0,0,0
904,10588/18,40,0,0,0,0,1,0
905,10588/42,100,0,0,0,0,1,0
906,10589/35,4,1,0,0,0,0,0
907,10590/1,20,1,0,0,0,0,0
908,10590/77,60,0,1,0,0,0,0
909,10591/3,14,1,0,0,0,0,0
910,10591/7,10,1,0,0,0,0,0
911,10591/54,50,1,0,0,0,0,0
912,10592/15,25,0,1,0,0,0,0
913,10592/26,5,0,1,0,0,0,0
914,10593/20,21,0,0,0,0,1,0
915,10593/69,20,0,0,0,0,1,0
916,10593/76,4,0,0,0,0,1,0
917,10594/52,24,1,0,0,0,0,0
918,10594/58,30,1,0,0,0,0,0
919,10595/35,30,0,0,0,0,0,1
920,10595/61,120,0,0,0,0,0,1
921,10595/69,65,0,0,0,0,0,1
922,10596/56,5,0,0,0,0,1,0
923,10596/63,24,0,0,0,0,1,0
924,10596/75,30,0,0,0,0,1,0
925,10597/24,35,0,0,0,0,1,0
926,10597/57,20,1,0,0,0,0,0
927,10597/65,12,0,0,0,0,1,0
928,10598/27,50,1,0,0,0,0,0
929,10598/71,9,1,0,0,0,0,0
930,10599/62,10,1,0,0,0,0,0
931,10600/54,4,1,0,0,0,0,0
932,10600/73,30,1,0,0,0,0,0
933,10601/13,60,1,0,0,0,0,0
934,10601/59,35,1,0,0,0,0,0
935,10602/77,5,0,0,0,0,0,1
936,10603/22,48,1,0,0,0,0,0
937,10603/49,25,0,1,0,0,0,0
938,10604/48,6,0,0,1,0,0,0
939,10604/76,10,0,0,1,0,0,0
940,10605/16,30,0,1,0,0,0,0
941,10605/59,20,0,1,0,0,0,0
942,10605/60,70,0,1,0,0,0,0
943,10605/71,15,0,1,0,0,0,0
944,10606/4,20,0,0,0,0,1,0
945,10606/55,20,0,0,0,0,1,0
946,10606/62,10,0,0,0,0,1,0
947,10607/7,45,1,0,0,0,0,0
948,10607/17,100,1,0,0,0,0,0
949,10607/33,14,1,0,0,0,0,0
950,10607/40,42,1,0,0,0,0,0
951,10607/72,12,1,0,0,0,0,0
952,10608/56,28,1,0,0,0,0,0
953,10609/1,3,1,0,0,0,0,0
954,10609/10,10,1,0,0,0,0,0
955,10609/21,6,1,0,0,0,0,0
956,10610/36,21,0,0,0,0,0,1
957,10611/1,6,1,0,0,0,0,0
958,10611/2,10,1,0,0,0,0,0
959,10611/60,15,1,0,0,0,0,0
960,10612/10,70,1,0,0,0,0,0
961,10612/36,55,1,0,0,0,0,0
962,10612/49,18,1,0,0,0,0,0
963,10612/60,40,1,0,0,0,0,0
964,10612/76,80,1,0,0,0,0,0
965,10613/13,8,0,0,1,0,0,0
966,10613/75,40,1,0,0,0,0,0
967,10614/11,14,1,0,0,0,0,0
968,10614/21,8,1,0,0,0,0,0
969,10614/39,5,1,0,0,0,0,0
970,10615/55,5,1,0,0,0,0,0
971,10616/38,15,0,1,0,0,0,0
972,10616/56,14,1,0,0,0,0,0
973,10616/70,15,0,1,0,0,0,0
974,10616/71,15,0,1,0,0,0,0
975,10617/59,30,0,0,0,1,0,0
976,10618/6,70,1,0,0,0,0,0
977,10618/56,20,1,0,0,0,0,0
978,10618/68,15,1,0,0,0,0,0
979,10619/21,42,1,0,0,0,0,0
980,10619/22,40,1,0,0,0,0,0
981,10620/24,5,1,0,0,0,0,0
982,10620/52,5,1,0,0,0,0,0
983,10621/19,5,1,0,0,0,0,0
984,10621/23,10,1,0,0,0,0,0
985,10621/70,20,1,0,0,0,0,0
986,10621/71,15,1,0,0,0,0,0
987,10622/2,20,1,0,0,0,0,0
988,10622/68,18,0,0,0,0,1,0
989,10623/14,21,1,0,0,0,0,0
990,10623/19,15,0,0,1,0,0,0
991,10623/21,25,0,0,1,0,0,0
992,10623/24,3,1,0,0,0,0,0
993,10623/35,30,0,0,1,0,0,0
994,10624/28,10,1,0,0,0,0,0
995,10624/29,6,1,0,0,0,0,0
996,10624/44,10,1,0,0,0,0,0
997,10625/14,3,1,0,0,0,0,0
998,10625/42,5,1,0,0,0,0,0
999,10625/60,10,1,0,0,0,0,0
1000,10626/53,12,1,0,0,0,0,0
1001,10626/60,20,1,0,0,0,0,0
1002,10626/71,20,1,0,0,0,0,0
1003,10627/62,15,1,0,0,0,0,0
1004,10627/73,35,0,0,0,1,0,0
1005,10628/1,25,1,0,0,0,0,0
1006,10629/29,20,1,0,0,0,0,0
1007,10629/64,9,1,0,0,0,0,0
1008,10630/55,12,0,1,0,0,0,0
1009,10630/76,35,1,0,0,0,0,0
1010,10631/75,8,0,0,1,0,0,0
1011,10632/2,30,0,1,0,0,0,0
1012,10632/33,20,0,1,0,0,0,0
1013,10633/12,36,0,0,0,1,0,0
1014,10633/13,13,0,0,0,1,0,0
1015,10633/26,35,0,0,0,1,0,0
1016,10633/62,80,0,0,0,1,0,0
1017,10634/7,35,1,0,0,0,0,0
1018,10634/18,50,1,0,0,0,0,0
1019,10634/51,15,1,0,0,0,0,0
1020,10634/75,2,1,0,0,0,0,0
1021,10635/4,10,0,0,1,0,0,0
1022,10635/5,15,0,0,1,0,0,0
1023,10635/22,40,1,0,0,0,0,0
1024,10636/4,25,1,0,0,0,0,0
1025,10636/58,6,1,0,0,0,0,0
1026,10637/11,10,1,0,0,0,0,0
1027,10637/50,25,0,1,0,0,0,0
1028,10637/56,60,0,1,0,0,0,0
1029,10638/45,20,1,0,0,0,0,0
1030,10638/65,21,1,0,0,0,0,0
1031,10638/72,60,1,0,0,0,0,0
1032,10639/18,8,1,0,0,0,0,0
1033,10640/69,20,0,0,0,0,0,1
1034,10640/70,15,0,0,0,0,0,1
1035,10641/2,50,1,0,0,0,0,0
1036,10641/40,60,1,0,0,0,0,0
1037,10642/21,30,0,0,0,0,1,0
1038,10642/61,20,0,0,0,0,1,0
1039,10643/28,15,0,0,0,0,0,1
1040,10643/39,21,0,0,0,0,0,1
1041,10643/46,2,0,0,0,0,0,1
1042,10644/18,4,0,0,1,0,0,0
1043,10644/43,20,1,0,0,0,0,0
1044,10644/46,21,0,0,1,0,0,0
1045,10645/18,20,1,0,0,0,0,0
1046,10645/36,15,1,0,0,0,0,0
1047,10646/1,15,0,0,0,0,0,1
1048,10646/10,18,0,0,0,0,0,1
1049,10646/71,30,0,0,0,0,0,1
1050,10646/77,35,0,0,0,0,0,1
1051,10647/19,30,1,0,0,0,0,0
1052,10647/39,20,1,0,0,0,0,0
1053,10648/22,15,1,0,0,0,0,0
1054,10648/24,15,0,0,0,1,0,0
1055,10649/28,20,1,0,0,0,0,0
1056,10649/72,15,1,0,0,0,0,0
1057,10650/30,30,1,0,0,0,0,0
1058,10650/53,25,0,1,0,0,0,0
1059,10650/54,30,1,0,0,0,0,0
1060,10651/19,12,0,0,0,0,0,1
1061,10651/22,20,0,0,0,0,0,1
1062,10652/30,2,0,0,0,0,0,1
1063,10652/42,20,1,0,0,0,0,0
1064,10653/16,30,0,0,1,0,0,0
1065,10653/60,20,0,0,1,0,0,0
1066,10654/4,12,0,0,1,0,0,0
1067,10654/39,20,0,0,1,0,0,0
1068,10654/54,6,0,0,1,0,0,0
1069,10655/41,20,0,0,0,0,1,0
1070,10656/14,3,0,0,1,0,0,0
1071,10656/44,28,0,0,1,0,0,0
1072,10656/47,6,0,0,1,0,0,0
1073,10657/15,50,1,0,0,0,0,0
1074,10657/41,24,1,0,0,0,0,0
1075,10657/46,45,1,0,0,0,0,0
1076,10657/47,10,1,0,0,0,0,0
1077,10657/56,45,1,0,0,0,0,0
1078,10657/60,30,1,0,0,0,0,0
1079,10658/21,60,1,0,0,0,0,0
1080,10658/40,70,0,1,0,0,0,0
1081,10658/60,55,0,1,0,0,0,0
1082,10658/77,70,0,1,0,0,0,0
1083,10659/31,20,0,1,0,0,0,0
1084,10659/40,24,0,1,0,0,0,0
1085,10659/70,40,0,1,0,0,0,0
1086,10660/20,21,1,0,0,0,0,0
1087,10661/39,3,0,0,0,0,1,0
1088,10661/58,49,0,0,0,0,1,0
1089,10662/68,10,1,0,0,0,0,0
1090,10663/40,30,0,1,0,0,0,0
1091,10663/42,30,0,1,0,0,0,0
1092,10663/51,20,0,1,0,0,0,0
1093,10664/10,24,0,0,0,1,0,0
1094,10664/56,12,0,0,0,1,0,0
1095,10664/65,15,0,0,0,1,0,0
1096,10665/51,20,1,0,0,0,0,0
1097,10665/59,1,1,0,0,0,0,0
1098,10665/76,10,1,0,0,0,0,0
1099,10666/29,36,1,0,0,0,0,0
1100,10666/65,10,1,0,0,0,0,0
1101,10667/69,45,0,0,0,0,1,0
1102,10667/71,14,0,0,0,0,1,0
1103,10668/31,8,0,0,1,0,0,0
1104,10668/55,4,0,0,1,0,0,0
1105,10668/64,15,0,0,1,0,0,0
1106,10669/36,30,1,0,0,0,0,0
1107,10670/23,32,1,0,0,0,0,0
1108,10670/46,60,1,0,0,0,0,0
1109,10670/67,25,1,0,0,0,0,0
1110,10670/73,50,1,0,0,0,0,0
1111,10670/75,25,1,0,0,0,0,0
1112,10671/16,10,1,0,0,0,0,0
1113,10671/62,10,1,0,0,0,0,0
1114,10671/65,12,1,0,0,0,0,0
1115,10672/38,15,0,0,1,0,0,0
1116,10672/71,12,1,0,0,0,0,0
1117,10673/16,3,1,0,0,0,0,0
1118,10673/42,6,1,0,0,0,0,0
1119,10673/43,6,1,0,0,0,0,0
1120,10674/23,5,1,0,0,0,0,0
1121,10675/14,30,1,0,0,0,0,0
1122,10675/53,10,1,0,0,0,0,0
1123,10675/58,30,1,0,0,0,0,0
1124,10676/10,2,1,0,0,0,0,0
1125,10676/19,7,1,0,0,0,0,0
1126,10676/44,21,1,0,0,0,0,0
1127,10677/26,30,0,0,0,1,0,0
1128,10677/33,8,0,0,0,1,0,0
1129,10678/12,100,1,0,0,0,0,0
1130,10678/33,30,1,0,0,0,0,0
1131,10678/41,120,1,0,0,0,0,0
1132,10678/54,30,1,0,0,0,0,0
1133,10679/59,12,1,0,0,0,0,0
1134,10680/16,50,0,0,0,0,0,1
1135,10680/31,20,0,0,0,0,0,1
1136,10680/42,40,0,0,0,0,0,1
1137,10681/19,30,0,0,1,0,0,0
1138,10681/21,12,0,0,1,0,0,0
1139,10681/64,28,1,0,0,0,0,0
1140,10682/33,30,1,0,0,0,0,0
1141,10682/66,4,1,0,0,0,0,0
1142,10682/75,30,1,0,0,0,0,0
1143,10683/52,9,1,0,0,0,0,0
1144,10684/40,20,1,0,0,0,0,0
1145,10684/47,40,1,0,0,0,0,0
1146,10684/60,30,1,0,0,0,0,0
1147,10685/10,20,1,0,0,0,0,0
1148,10685/41,4,1,0,0,0,0,0
1149,10685/47,15,1,0,0,0,0,0
1150,10686/17,30,0,0,0,0,1,0
1151,10686/26,15,1,0,0,0,0,0
1152,10687/9,50,0,0,0,0,0,1
1153,10687/29,10,1,0,0,0,0,0
1154,10687/36,6,0,0,0,0,0,1
1155,10688/10,18,0,0,1,0,0,0
1156,10688/28,60,0,0,1,0,0,0
1157,10688/34,14,1,0,0,0,0,0
1158,10689/1,35,0,0,0,0,0,1
1159,10690/56,20,0,0,0,0,0,1
1160,10690/77,30,0,0,0,0,0,1
1161,10691/1,30,1,0,0,0,0,0
1162,10691/29,40,1,0,0,0,0,0
1163,10691/43,40,1,0,0,0,0,0
1164,10691/44,24,1,0,0,0,0,0
1165,10691/62,48,1,0,0,0,0,0
1166,10692/63,20,1,0,0,0,0,0
1167,10693/9,6,1,0,0,0,0,0
1168,10693/54,60,0,0,0,1,0,0
1169,10693/69,30,0,0,0,1,0,0
1170,10693/73,15,0,0,0,1,0,0
1171,10694/7,90,1,0,0,0,0,0
1172,10694/59,25,1,0,0,0,0,0
1173,10694/70,50,1,0,0,0,0,0
1174,10695/8,10,1,0,0,0,0,0
1175,10695/12,4,1,0,0,0,0,0
1176,10695/24,20,1,0,0,0,0,0
1177,10696/17,20,1,0,0,0,0,0
1178,10696/46,18,1,0,0,0,0,0
1179,10697/19,7,0,0,0,0,0,1
1180,10697/35,9,0,0,0,0,0,1
1181,10697/58,30,0,0,0,0,0,1
1182,10697/70,30,0,0,0,0,0,1
1183,10698/11,15,1,0,0,0,0,0
1184,10698/17,8,0,1,0,0,0,0
1185,10698/29,12,0,1,0,0,0,0
1186,10698/65,65,0,1,0,0,0,0
1187,10698/70,8,0,1,0,0,0,0
1188,10699/47,12,1,0,0,0,0,0
1189,10700/1,5,0,0,0,0,1,0
1190,10700/34,12,0,0,0,0,1,0
1191,10700/68,40,0,0,0,0,1,0
1192,10700/71,60,0,0,0,0,1,0
1193,10701/59,42,0,0,0,1,0,0
1194,10701/71,20,0,0,0,1,0,0
1195,10701/76,35,0,0,0,1,0,0
1196,10702/3,6,1,0,0,0,0,0
1197,10702/76,15,1,0,0,0,0,0
1198,10703/2,5,1,0,0,0,0,0
1199,10703/59,35,1,0,0,0,0,0
1200,10703/73,35,1,0,0,0,0,0
1201,10704/4,6,1,0,0,0,0,0
1202,10704/24,35,1,0,0,0,0,0
1203,10704/48,24,1,0,0,0,0,0
1204,10705/31,20,1,0,0,0,0,0
1205,10705/32,4,1,0,0,0,0,0
1206,10706/16,20,1,0,0,0,0,0
1207,10706/43,24,1,0,0,0,0,0
1208,10706/59,8,1,0,0,0,0,0
1209,10707/55,21,1,0,0,0,0,0
1210,10707/57,40,1,0,0,0,0,0
1211,10707/70,28,0,0,0,1,0,0
1212,10708/5,4,1,0,0,0,0,0
1213,10708/36,5,1,0,0,0,0,0
1214,10709/8,40,1,0,0,0,0,0
1215,10709/51,28,1,0,0,0,0,0
1216,10709/60,10,1,0,0,0,0,0
1217,10710/19,5,1,0,0,0,0,0
1218,10710/47,5,1,0,0,0,0,0
1219,10711/19,12,1,0,0,0,0,0
1220,10711/41,42,1,0,0,0,0,0
1221,10711/53,120,1,0,0,0,0,0
1222,10712/53,3,0,1,0,0,0,0
1223,10712/56,30,1,0,0,0,0,0
1224,10713/10,18,1,0,0,0,0,0
1225,10713/26,30,1,0,0,0,0,0
1226,10713/45,110,1,0,0,0,0,0
1227,10713/46,24,1,0,0,0,0,0
1228,10714/2,30,0,0,0,0,0,1
1229,10714/17,27,0,0,0,0,0,1
1230,10714/47,50,0,0,0,0,0,1
1231,10714/56,18,0,0,0,0,0,1
1232,10714/58,12,0,0,0,0,0,1
1233,10715/10,21,1,0,0,0,0,0
1234,10715/71,30,1,0,0,0,0,0
1235,10716/21,5,1,0,0,0,0,0
1236,10716/51,7,1,0,0,0,0,0
1237,10716/61,10,1,0,0,0,0,0
1238,10717/21,32,0,1,0,0,0,0
1239,10717/54,15,1,0,0,0,0,0
1240,10717/69,25,0,1,0,0,0,0
1241,10718/12,36,1,0,0,0,0,0
1242,10718/16,20,1,0,0,0,0,0
1243,10718/36,40,1,0,0,0,0,0
1244,10718/62,20,1,0,0,0,0,0
1245,10719/18,12,0,0,0,0,0,1
1246,10719/30,3,0,0,0,0,0,1
1247,10719/54,40,0,0,0,0,0,1
1248,10720/35,21,1,0,0,0,0,0
1249,10720/71,8,1,0,0,0,0,0
1250,10721/44,50,0,1,0,0,0,0
1251,10722/2,3,1,0,0,0,0,0
1252,10722/31,50,1,0,0,0,0,0
1253,10722/68,45,1,0,0,0,0,0
1254,10722/75,42,1,0,0,0,0,0
1255,10723/26,15,1,0,0,0,0,0
1256,10724/10,16,1,0,0,0,0,0
1257,10724/61,5,1,0,0,0,0,0
1258,10725/41,12,1,0,0,0,0,0
1259,10725/52,4,1,0,0,0,0,0
1260,10725/55,6,1,0,0,0,0,0
1261,10726/4,25,1,0,0,0,0,0
1262,10726/11,5,1,0,0,0,0,0
1263,10727/17,20,0,1,0,0,0,0
1264,10727/56,10,0,1,0,0,0,0
1265,10727/59,10,0,1,0,0,0,0
1266,10728/30,15,1,0,0,0,0,0
1267,10728/40,6,1,0,0,0,0,0
1268,10728/55,12,1,0,0,0,0,0
1269,10728/60,15,1,0,0,0,0,0
1270,10729/1,50,1,0,0,0,0,0
1271,10729/21,30,1,0,0,0,0,0
1272,10729/50,40,1,0,0,0,0,0
1273,10730/16,15,0,1,0,0,0,0
1274,10730/31,3,0,1,0,0,0,0
1275,10730/65,10,0,1,0,0,0,0
1276,10731/21,40,0,1,0,0,0,0
1277,10731/51,30,0,1,0,0,0,0
1278,10732/76,20,1,0,0,0,0,0
1279,10733/14,16,1,0,0,0,0,0
1280,10733/28,20,1,0,0,0,0,0
1281,10733/52,25,1,0,0,0,0,0
1282,10734/6,30,1,0,0,0,0,0
1283,10734/30,15,1,0,0,0,0,0
1284,10734/76,20,1,0,0,0,0,0
1285,10735/61,20,0,0,1,0,0,0
1286,10735/77,2,0,0,1,0,0,0
1287,10736/65,40,1,0,0,0,0,0
1288,10736/75,20,1,0,0,0,0,0
1289,10737/13,4,1,0,0,0,0,0
1290,10737/41,12,1,0,0,0,0,0
1291,10738/16,3,1,0,0,0,0,0
1292,10739/36,6,1,0,0,0,0,0
1293,10739/52,18,1,0,0,0,0,0
1294,10740/28,5,0,0,0,0,1,0
1295,10740/35,35,0,0,0,0,1,0
1296,10740/45,40,0,0,0,0,1,0
1297,10740/56,14,0,0,0,0,1,0
1298,10741/2,15,0,0,0,0,1,0
1299,10742/3,20,1,0,0,0,0,0
1300,10742/60,50,1,0,0,0,0,0
1301,10742/72,35,1,0,0,0,0,0
1302,10743/46,28,0,1,0,0,0,0
1303,10744/40,50,0,0,0,0,1,0
1304,10745/18,24,1,0,0,0,0,0
1305,10745/44,16,1,0,0,0,0,0
1306,10745/59,45,1,0,0,0,0,0
1307,10745/72,7,1,0,0,0,0,0
1308,10746/13,6,1,0,0,0,0,0
1309,10746/42,28,1,0,0,0,0,0
1310,10746/62,9,1,0,0,0,0,0
1311,10746/69,40,1,0,0,0,0,0
1312,10747/31,8,1,0,0,0,0,0
1313,10747/41,35,1,0,0,0,0,0
1314,10747/63,9,1,0,0,0,0,0
1315,10747/69,30,1,0,0,0,0,0
1316,10748/23,44,1,0,0,0,0,0
1317,10748/40,40,1,0,0,0,0,0
1318,10748/56,28,1,0,0,0,0,0
1319,10749/56,15,1,0,0,0,0,0
1320,10749/59,6,1,0,0,0,0,0
1321,10749/76,10,1,0,0,0,0,0
1322,10750/14,5,0,0,0,1,0,0
1323,10750/45,40,0,0,0,1,0,0
1324,10750/59,25,0,0,0,1,0,0
1325,10751/26,12,0,0,1,0,0,0
1326,10751/30,30,1,0,0,0,0,0
1327,10751/50,20,0,0,1,0,0,0
1328,10751/73,15,1,0,0,0,0,0
1329,10752/1,8,1,0,0,0,0,0
1330,10752/69,3,1,0,0,0,0,0
1331,10753/45,4,1,0,0,0,0,0
1332,10753/74,5,1,0,0,0,0,0
1333,10754/40,3,1,0,0,0,0,0
1334,10755/47,30,0,0,0,0,0,1
1335,10755/56,30,0,0,0,0,0,1
1336,10755/57,14,0,0,0,0,0,1
1337,10755/69,25,0,0,0,0,0,1
1338,10756/18,21,0,0,0,0,1,0
1339,10756/36,20,0,0,0,0,1,0
1340,10756/68,6,0,0,0,0,1,0
1341,10756/69,20,0,0,0,0,1,0
1342,10757/34,30,1,0,0,0,0,0
1343,10757/59,7,1,0,0,0,0,0
1344,10757/62,30,1,0,0,0,0,0
1345,10757/64,24,1,0,0,0,0,0
1346,10758/26,20,1,0,0,0,0,0
1347,10758/52,60,1,0,0,0,0,0
1348,10758/70,40,1,0,0,0,0,0
1349,10759/32,10,1,0,0,0,0,0
1350,10760/25,12,0,0,0,0,0,1
1351,10760/27,40,1,0,0,0,0,0
1352,10760/43,30,0,0,0,0,0,1
1353,10761/25,35,0,0,0,0,0,1
1354,10761/75,18,1,0,0,0,0,0
1355,10762/39,16,1,0,0,0,0,0
1356,10762/47,30,1,0,0,0,0,0
1357,10762/51,28,1,0,0,0,0,0
1358,10762/56,60,1,0,0,0,0,0
1359,10763/21,40,1,0,0,0,0,0
1360,10763/22,6,1,0,0,0,0,0
1361,10763/24,20,1,0,0,0,0,0
1362,10764/3,20,0,0,1,0,0,0
1363,10764/39,130,0,0,1,0,0,0
1364,10765/65,80,0,0,1,0,0,0
1365,10766/2,40,1,0,0,0,0,0
1366,10766/7,35,1,0,0,0,0,0
1367,10766/68,40,1,0,0,0,0,0
1368,10767/42,2,1,0,0,0,0,0
1369,10768/22,4,1,0,0,0,0,0
1370,10768/31,50,1,0,0,0,0,0
1371,10768/60,15,1,0,0,0,0,0
1372,10768/71,12,1,0,0,0,0,0
1373,10769/41,30,0,1,0,0,0,0
1374,10769/52,15,0,1,0,0,0,0
1375,10769/61,20,1,0,0,0,0,0
1376,10769/62,15,1,0,0,0,0,0
1377,10770/11,15,0,0,0,0,0,1
1378,10771/71,16,1,0,0,0,0,0
1379,10772/29,18,1,0,0,0,0,0
1380,10772/59,25,1,0,0,0,0,0
1381,10773/17,33,1,0,0,0,0,0
1382,10773/31,70,0,0,0,0,1,0
1383,10773/75,7,0,0,0,0,1,0
1384,10774/31,2,0,0,0,0,0,1
1385,10774/66,50,1,0,0,0,0,0
1386,10775/10,6,1,0,0,0,0,0
1387,10775/67,3,1,0,0,0,0,0
1388,10776/31,16,0,1,0,0,0,0
1389,10776/42,12,0,1,0,0,0,0
1390,10776/45,27,0,1,0,0,0,0
1391,10776/51,120,0,1,0,0,0,0
1392,10777/42,20,0,0,0,0,1,0
1393,10778/41,10,1,0,0,0,0,0
1394,10779/16,20,1,0,0,0,0,0
1395,10779/62,20,1,0,0,0,0,0
1396,10780/70,35,1,0,0,0,0,0
1397,10780/77,15,1,0,0,0,0,0
1398,10781/54,3,0,0,0,0,1,0
1399,10781/56,20,0,0,0,0,1,0
1400,10781/74,35,1,0,0,0,0,0
1401,10782/31,1,1,0,0,0,0,0
1402,10783/31,10,1,0,0,0,0,0
1403,10783/38,5,1,0,0,0,0,0
1404,10784/36,30,1,0,0,0,0,0
1405,10784/39,2,0,0,0,1,0,0
1406,10784/72,30,0,0,0,1,0,0
1407,10785/10,10,1,0,0,0,0,0
1408,10785/75,10,1,0,0,0,0,0
1409,10786/8,30,0,0,0,0,1,0
1410,10786/30,15,0,0,0,0,1,0
1411,10786/75,42,0,0,0,0,1,0
1412,10787/2,15,0,1,0,0,0,0
1413,10787/29,20,0,1,0,0,0,0
1414,10788/19,50,0,1,0,0,0,0
1415,10788/75,40,0,1,0,0,0,0
1416,10789/18,30,1,0,0,0,0,0
1417,10789/35,15,1,0,0,0,0,0
1418,10789/63,30,1,0,0,0,0,0
1419,10789/68,18,1,0,0,0,0,0
1420,10790/7,3,0,0,0,1,0,0
1421,10790/56,20,0,0,0,1,0,0
1422,10791/29,14,0,1,0,0,0,0
1423,10791/41,20,0,1,0,0,0,0
1424,10792/2,10,1,0,0,0,0,0
1425,10792/54,3,1,0,0,0,0,0
1426,10792/68,15,1,0,0,0,0,0
1427,10793/41,14,1,0,0,0,0,0
1428,10793/52,8,1,0,0,0,0,0
1429,10794/14,15,0,0,0,0,1,0
1430,10794/54,6,0,0,0,0,1,0
1431,10795/16,65,1,0,0,0,0,0
1432,10795/17,35,0,0,0,0,0,1
1433,10796/26,21,0,0,0,0,1,0
1434,10796/44,10,1,0,0,0,0,0
1435,10796/64,35,0,0,0,0,1,0
1436,10796/69,24,0,0,0,0,1,0
1437,10797/11,20,1,0,0,0,0,0
1438,10798/62,2,1,0,0,0,0,0
1439,10798/72,10,1,0,0,0,0,0
1440,10799/13,20,0,0,0,1,0,0
1441,10799/24,20,0,0,0,1,0,0
1442,10799/59,25,1,0,0,0,0,0
1443,10800/11,50,0,0,1,0,0,0
1444,10800/51,10,0,0,1,0,0,0
1445,10800/54,7,0,0,1,0,0,0
1446,10801/17,40,0,0,0,0,0,1
1447,10801/29,20,0,0,0,0,0,1
1448,10802/30,25,0,0,0,0,0,1
1449,10802/51,30,0,0,0,0,0,1
1450,10802/55,60,0,0,0,0,0,1
1451,10802/62,5,0,0,0,0,0,1
1452,10803/19,24,0,1,0,0,0,0
1453,10803/25,15,0,1,0,0,0,0
1454,10803/59,15,0,1,0,0,0,0
1455,10804/10,36,1,0,0,0,0,0
1456,10804/28,24,1,0,0,0,0,0
1457,10804/49,4,0,0,0,1,0,0
1458,10805/34,10,1,0,0,0,0,0
1459,10805/38,10,1,0,0,0,0,0
1460,10806/2,20,0,0,0,0,0,1
1461,10806/65,2,1,0,0,0,0,0
1462,10806/74,15,0,0,0,0,0,1
1463,10807/40,1,1,0,0,0,0,0
1464,10808/56,20,0,0,0,1,0,0
1465,10808/76,50,0,0,0,1,0,0
1466,10809/52,20,1,0,0,0,0,0
1467,10810/13,7,1,0,0,0,0,0
1468,10810/25,5,1,0,0,0,0,0
1469,10810/70,5,1,0,0,0,0,0
1470,10811/19,15,1,0,0,0,0,0
1471,10811/23,18,1,0,0,0,0,0
1472,10811/40,30,1,0,0,0,0,0
1473,10812/31,16,0,0,1,0,0,0
1474,10812/72,40,0,0,1,0,0,0
1475,10812/77,20,1,0,0,0,0,0
1476,10813/2,12,0,0,0,0,1,0
1477,10813/46,35,1,0,0,0,0,0
1478,10814/41,20,1,0,0,0,0,0
1479,10814/43,20,0,0,0,1,0,0
1480,10814/48,8,0,0,0,1,0,0
1481,10814/61,30,0,0,0,1,0,0
1482,10815/33,16,1,0,0,0,0,0
1483,10816/38,30,0,1,0,0,0,0
1484,10816/62,20,0,1,0,0,0,0
1485,10817/26,40,0,0,0,1,0,0
1486,10817/38,30,1,0,0,0,0,0
1487,10817/40,60,0,0,0,1,0,0
1488,10817/62,25,0,0,0,1,0,0
1489,10818/32,20,1,0,0,0,0,0
1490,10818/41,20,1,0,0,0,0,0
1491,10819/43,7,1,0,0,0,0,0
1492,10819/75,20,1,0,0,0,0,0
1493,10820/56,30,1,0,0,0,0,0
1494,10821/35,20,1,0,0,0,0,0
1495,10821/51,6,1,0,0,0,0,0
1496,10822/62,3,1,0,0,0,0,0
1497,10822/70,6,1,0,0,0,0,0
1498,10823/11,20,0,0,1,0,0,0
1499,10823/57,15,1,0,0,0,0,0
1500,10823/59,40,0,0,1,0,0,0
1501,10823/77,15,0,0,1,0,0,0
1502,10824/41,12,1,0,0,0,0,0
1503,10824/70,9,1,0,0,0,0,0
1504,10825/26,12,1,0,0,0,0,0
1505,10825/53,20,1,0,0,0,0,0
1506,10826/31,35,1,0,0,0,0,0
1507,10826/57,15,1,0,0,0,0,0
1508,10827/10,15,1,0,0,0,0,0
1509,10827/39,21,1,0,0,0,0,0
1510,10828/20,5,1,0,0,0,0,0
1511,10828/38,2,1,0,0,0,0,0
1512,10829/2,10,1,0,0,0,0,0
1513,10829/8,20,1,0,0,0,0,0
1514,10829/13,10,1,0,0,0,0,0
1515,10829/60,21,1,0,0,0,0,0
1516,10830/6,6,1,0,0,0,0,0
1517,10830/39,28,1,0,0,0,0,0
1518,10830/60,30,1,0,0,0,0,0
1519,10830/68,24,1,0,0,0,0,0
1520,10831/19,2,1,0,0,0,0,0
1521,10831/35,8,1,0,0,0,0,0
1522,10831/38,8,1,0,0,0,0,0
1523,10831/43,9,1,0,0,0,0,0
1524,10832/13,3,0,0,0,0,1,0
1525,10832/25,10,0,0,0,0,1,0
1526,10832/44,16,0,0,0,0,1,0
1527,10832/64,3,1,0,0,0,0,0
1528,10833/7,20,0,0,1,0,0,0
1529,10833/31,9,0,0,1,0,0,0
1530,10833/53,9,0,0,1,0,0,0
1531,10834/29,8,0,1,0,0,0,0
1532,10834/30,20,0,1,0,0,0,0
1533,10835/59,15,1,0,0,0,0,0
1534,10835/77,2,0,0,0,0,1,0
1535,10836/22,52,1,0,0,0,0,0
1536,10836/35,6,1,0,0,0,0,0
1537,10836/57,24,1,0,0,0,0,0
1538,10836/60,60,1,0,0,0,0,0
1539,10836/64,30,1,0,0,0,0,0
1540,10837/13,6,1,0,0,0,0,0
1541,10837/40,25,1,0,0,0,0,0
1542,10837/47,40,0,0,0,0,0,1
1543,10837/76,21,0,0,0,0,0,1
1544,10838/1,4,0,0,0,0,0,1
1545,10838/18,25,0,0,0,0,0,1
1546,10838/36,50,0,0,0,0,0,1
1547,10839/58,30,0,0,1,0,0,0
1548,10839/72,15,0,0,1,0,0,0
1549,10840/25,6,0,0,0,0,1,0
1550,10840/39,10,0,0,0,0,1,0
1551,10841/10,16,1,0,0,0,0,0
1552,10841/56,30,1,0,0,0,0,0
1553,10841/59,50,1,0,0,0,0,0
1554,10841/77,15,1,0,0,0,0,0
1555,10842/11,15,1,0,0,0,0,0
1556,10842/43,5,1,0,0,0,0,0
1557,10842/68,20,1,0,0,0,0,0
1558,10842/70,12,1,0,0,0,0,0
1559,10843/51,4,0,0,0,0,0,1
1560,10844/22,35,1,0,0,0,0,0
1561,10845/23,70,0,0,1,0,0,0
1562,10845/35,25,0,0,1,0,0,0
1563,10845/42,42,0,0,1,0,0,0
1564,10845/58,60,0,0,1,0,0,0
1565,10845/64,48,1,0,0,0,0,0
1566,10846/4,21,1,0,0,0,0,0
1567,10846/70,30,1,0,0,0,0,0
1568,10846/74,20,1,0,0,0,0,0
1569,10847/1,80,0,0,0,0,1,0
1570,10847/19,12,0,0,0,0,1,0
1571,10847/37,60,0,0,0,0,1,0
1572,10847/45,36,0,0,0,0,1,0
1573,10847/60,45,0,0,0,0,1,0
1574,10847/71,55,0,0,0,0,1,0
1575,10848/5,30,1,0,0,0,0,0
1576,10848/9,3,1,0,0,0,0,0
1577,10849/3,49,1,0,0,0,0,0
1578,10849/26,18,0,0,0,1,0,0
1579,10850/25,20,0,0,0,1,0,0
1580,10850/33,4,0,0,0,1,0,0
1581,10850/70,30,0,0,0,1,0,0
1582,10851/2,5,0,1,0,0,0,0
1583,10851/25,10,0,1,0,0,0,0
1584,10851/57,10,0,1,0,0,0,0
1585,10851/59,42,0,1,0,0,0,0
1586,10852/2,15,1,0,0,0,0,0
1587,10852/17,6,1,0,0,0,0,0
1588,10852/62,50,1,0,0,0,0,0
1589,10853/18,10,1,0,0,0,0,0
1590,10854/10,100,0,0,0,1,0,0
1591,10854/13,65,0,0,0,1,0,0
1592,10855/16,50,1,0,0,0,0,0
1593,10855/31,14,1,0,0,0,0,0
1594,10855/56,24,1,0,0,0,0,0
1595,10855/65,15,0,0,0,1,0,0
1596,10856/2,20,1,0,0,0,0,0
1597,10856/42,20,1,0,0,0,0,0
1598,10857/3,30,1,0,0,0,0,0
1599,10857/26,35,0,0,0,0,0,1
1600,10857/29,10,0,0,0,0,0,1
1601,10858/7,5,1,0,0,0,0,0
1602,10858/27,10,1,0,0,0,0,0
1603,10858/70,4,1,0,0,0,0,0
1604,10859/24,40,0,0,0,0,0,1
1605,10859/54,35,0,0,0,0,0,1
1606,10859/64,30,0,0,0,0,0,1
1607,10860/51,3,1,0,0,0,0,0
1608,10860/76,20,1,0,0,0,0,0
1609,10861/17,42,1,0,0,0,0,0
1610,10861/18,20,1,0,0,0,0,0
1611,10861/21,40,1,0,0,0,0,0
1612,10861/33,35,1,0,0,0,0,0
1613,10861/62,3,1,0,0,0,0,0
1614,10862/11,25,1,0,0,0,0,0
1615,10862/52,8,1,0,0,0,0,0
1616,10863/1,20,0,0,0,1,0,0
1617,10863/58,12,0,0,0,1,0,0
1618,10864/35,4,1,0,0,0,0,0
1619,10864/67,15,1,0,0,0,0,0
1620,10865/38,60,0,1,0,0,0,0
1621,10865/39,80,0,1,0,0,0,0
1622,10866/2,21,0,0,0,0,0,1
1623,10866/24,6,0,0,0,0,0,1
1624,10866/30,40,0,0,0,0,0,1
1625,10867/53,3,1,0,0,0,0,0
1626,10868/26,20,1,0,0,0,0,0
1627,10868/35,30,1,0,0,0,0,0
1628,10868/49,42,0,0,1,0,0,0
1629,10869/1,40,1,0,0,0,0,0
1630,10869/11,10,1,0,0,0,0,0
1631,10869/23,50,1,0,0,0,0,0
1632,10869/68,20,1,0,0,0,0,0
1633,10870/35,3,1,0,0,0,0,0
1634,10870/51,2,1,0,0,0,0,0
1635,10871/6,50,0,1,0,0,0,0
1636,10871/16,12,0,1,0,0,0,0
1637,10871/17,16,0,1,0,0,0,0
1638,10872/55,10,0,1,0,0,0,0
1639,10872/62,20,0,1,0,0,0,0
1640,10872/64,15,0,1,0,0,0,0
1641,10872/65,21,0,1,0,0,0,0
1642,10873/21,20,1,0,0,0,0,0
1643,10873/28,3,1,0,0,0,0,0
1644,10874/10,10,1,0,0,0,0,0
1645,10875/19,25,1,0,0,0,0,0
1646,10875/47,21,0,0,1,0,0,0
1647,10875/49,15,1,0,0,0,0,0
1648,10876/46,21,1,0,0,0,0,0
1649,10876/64,20,1,0,0,0,0,0
1650,10877/16,30,0,0,0,0,0,1
1651,10877/18,25,1,0,0,0,0,0
1652,10878/20,20,0,1,0,0,0,0
1653,10879/40,12,1,0,0,0,0,0
1654,10879/65,10,1,0,0,0,0,0
1655,10879/76,10,1,0,0,0,0,0
1656,10880/23,30,0,0,0,0,1,0
1657,10880/61,30,0,0,0,0,1,0
1658,10880/70,50,0,0,0,0,1,0
1659,10881/73,10,1,0,0,0,0,0
1660,10882/42,25,1,0,0,0,0,0
1661,10882/49,20,0,0,0,1,0,0
1662,10882/54,32,0,0,0,1,0,0
1663,10883/24,8,1,0,0,0,0,0
1664,10884/21,40,0,1,0,0,0,0
1665,10884/56,21,0,1,0,0,0,0
1666,10884/65,12,0,1,0,0,0,0
1667,10885/2,20,1,0,0,0,0,0
1668,10885/24,12,1,0,0,0,0,0
1669,10885/70,30,1,0,0,0,0,0
1670,10885/77,25,1,0,0,0,0,0
1671,10886/10,70,1,0,0,0,0,0
1672,10886/31,35,1,0,0,0,0,0
1673,10886/77,40,1,0,0,0,0,0
1674,10887/25,5,1,0,0,0,0,0
1675,10888/2,20,1,0,0,0,0,0
1676,10888/68,18,1,0,0,0,0,0
1677,10889/11,40,1,0,0,0,0,0
1678,10889/38,40,1,0,0,0,0,0
1679,10890/17,15,1,0,0,0,0,0
1680,10890/34,10,1,0,0,0,0,0
1681,10890/41,14,1,0,0,0,0,0
1682,10891/30,15,0,1,0,0,0,0
1683,10892/59,40,0,1,0,0,0,0
1684,10893/8,30,1,0,0,0,0,0
1685,10893/24,10,1,0,0,0,0,0
1686,10893/29,24,1,0,0,0,0,0
1687,10893/30,35,1,0,0,0,0,0
1688,10893/36,20,1,0,0,0,0,0
1689,10894/13,28,0,1,0,0,0,0
1690,10894/69,50,0,1,0,0,0,0
1691,10894/75,120,0,1,0,0,0,0
1692,10895/24,110,1,0,0,0,0,0
1693,10895/39,45,1,0,0,0,0,0
1694,10895/40,91,1,0,0,0,0,0
1695,10895/60,100,1,0,0,0,0,0
1696,10896/45,15,1,0,0,0,0,0
1697,10896/56,16,1,0,0,0,0,0
1698,10897/29,80,1,0,0,0,0,0
1699,10897/30,36,1,0,0,0,0,0
1700,10898/13,5,1,0,0,0,0,0
1701,10899/39,8,0,0,0,1,0,0
1702,10900/70,3,0,0,0,0,0,1
1703,10901/41,30,1,0,0,0,0,0
1704,10901/71,30,1,0,0,0,0,0
1705,10902/55,30,0,0,0,1,0,0
1706,10902/62,6,0,0,0,1,0,0
1707,10903/13,40,1,0,0,0,0,0
1708,10903/65,21,1,0,0,0,0,0
1709,10903/68,20,1,0,0,0,0,0
1710,10904/58,15,1,0,0,0,0,0
1711,10904/62,35,1,0,0,0,0,0
1712,10905/1,20,0,1,0,0,0,0
1713,10906/61,15,1,0,0,0,0,0
1714,10907/75,14,1,0,0,0,0,0
1715,10908/7,20,0,1,0,0,0,0
1716,10908/52,14,0,1,0,0,0,0
1717,10909/7,12,1,0,0,0,0,0
1718,10909/16,15,1,0,0,0,0,0
1719,10909/41,5,1,0,0,0,0,0
1720,10910/19,12,1,0,0,0,0,0
1721,10910/49,10,1,0,0,0,0,0
1722,10910/61,5,1,0,0,0,0,0
1723,10911/1,10,1,0,0,0,0,0
1724,10911/17,12,1,0,0,0,0,0
1725,10911/67,15,1,0,0,0,0,0
1726,10912/11,40,0,0,0,0,0,1
1727,10912/29,60,0,0,0,0,0,1
1728,10913/4,30,0,0,0,0,0,1
1729,10913/33,40,0,0,0,0,0,1
1730,10913/58,15,1,0,0,0,0,0
1731,10914/71,25,1,0,0,0,0,0
1732,10915/17,10,1,0,0,0,0,0
1733,10915/33,30,1,0,0,0,0,0
1734,10915/54,10,1,0,0,0,0,0
1735,10916/16,6,1,0,0,0,0,0
1736,10916/32,6,1,0,0,0,0,0
1737,10916/57,20,1,0,0,0,0,0
1738,10917/30,1,1,0,0,0,0,0
1739,10917/60,10,1,0,0,0,0,0
1740,10918/1,60,0,0,0,0,0,1
1741,10918/60,25,0,0,0,0,0,1
1742,10919/16,24,1,0,0,0,0,0
1743,10919/25,24,1,0,0,0,0,0
1744,10919/40,20,1,0,0,0,0,0
1745,10920/50,24,1,0,0,0,0,0
1746,10921/35,10,1,0,0,0,0,0
1747,10921/63,40,1,0,0,0,0,0
1748,10922/17,15,1,0,0,0,0,0
1749,10922/24,35,1,0,0,0,0,0
1750,10923/42,10,0,0,0,0,1,0
1751,10923/43,10,0,0,0,0,1,0
1752,10923/67,24,0,0,0,0,1,0
1753,10924/10,20,0,0,1,0,0,0
1754,10924/28,30,0,0,1,0,0,0
1755,10924/75,6,1,0,0,0,0,0
1756,10925/36,25,0,0,0,1,0,0
1757,10925/52,12,0,0,0,1,0,0
1758,10926/11,2,1,0,0,0,0,0
1759,10926/13,10,1,0,0,0,0,0
1760,10926/19,7,1,0,0,0,0,0
1761,10926/72,10,1,0,0,0,0,0
1762,10927/20,5,1,0,0,0,0,0
1763,10927/52,5,1,0,0,0,0,0
1764,10927/76,20,1,0,0,0,0,0
1765,10928/47,5,1,0,0,0,0,0
1766,10928/76,5,1,0,0,0,0,0
1767,10929/21,60,1,0,0,0,0,0
1768,10929/75,49,1,0,0,0,0,0
1769,10929/77,15,1,0,0,0,0,0
1770,10930/21,36,1,0,0,0,0,0
1771,10930/27,25,1,0,0,0,0,0
1772,10930/55,25,0,0,0,0,1,0
1773,10930/58,30,0,0,0,0,1,0
1774,10931/13,42,0,0,0,1,0,0
1775,10931/57,30,1,0,0,0,0,0
1776,10932/16,30,0,0,1,0,0,0
1777,10932/62,14,0,0,1,0,0,0
1778,10932/72,16,1,0,0,0,0,0
1779,10932/75,20,0,0,1,0,0,0
1780,10933/53,2,1,0,0,0,0,0
1781,10933/61,30,1,0,0,0,0,0
1782,10934/6,20,1,0,0,0,0,0
1783,10935/1,21,1,0,0,0,0,0
1784,10935/18,4,0,0,0,0,0,1
1785,10935/23,8,0,0,0,0,0,1
1786,10936/36,30,0,0,0,0,1,0
1787,10937/28,8,1,0,0,0,0,0
1788,10937/34,20,1,0,0,0,0,0
1789,10938/13,20,0,0,0,0,0,1
1790,10938/43,24,0,0,0,0,0,1
1791,10938/60,49,0,0,0,0,0,1
1792,10938/71,35,0,0,0,0,0,1
1793,10939/2,10,0,0,0,1,0,0
1794,10939/67,40,0,0,0,1,0,0
1795,10940/7,8,1,0,0,0,0,0
1796,10940/13,20,1,0,0,0,0,0
1797,10941/31,44,0,0,0,0,0,1
1798,10941/62,30,0,0,0,0,0,1
1799,10941/68,80,0,0,0,0,0,1
1800,10941/72,50,1,0,0,0,0,0
1801,10942/49,28,1,0,0,0,0,0
1802,10943/13,15,1,0,0,0,0,0
1803,10943/22,21,1,0,0,0,0,0
1804,10943/46,15,1,0,0,0,0,0
1805,10944/11,5,0,0,0,0,0,1
1806,10944/44,18,0,0,0,0,0,1
1807,10944/56,18,1,0,0,0,0,0
1808,10945/13,20,1,0,0,0,0,0
1809,10945/31,10,1,0,0,0,0,0
1810,10946/10,25,1,0,0,0,0,0
1811,10946/24,25,1,0,0,0,0,0
1812,10946/77,40,1,0,0,0,0,0
1813,10947/59,4,1,0,0,0,0,0
1814,10948/50,9,1,0,0,0,0,0
1815,10948/51,40,1,0,0,0,0,0
1816,10948/55,4,1,0,0,0,0,0
1817,10949/6,12,1,0,0,0,0,0
1818,10949/10,30,1,0,0,0,0,0
1819,10949/17,6,1,0,0,0,0,0
1820,10949/62,60,1,0,0,0,0,0
1821,10950/4,5,1,0,0,0,0,0
1822,10951/33,15,0,1,0,0,0,0
1823,10951/41,6,0,1,0,0,0,0
1824,10951/75,50,0,1,0,0,0,0
1825,10952/6,16,0,1,0,0,0,0
1826,10952/28,2,1,0,0,0,0,0
1827,10953/20,50,0,1,0,0,0,0
1828,10953/31,50,0,1,0,0,0,0
1829,10954/16,28,0,0,0,1,0,0
1830,10954/31,25,0,0,0,1,0,0
1831,10954/45,30,1,0,0,0,0,0
1832,10954/60,24,0,0,0,1,0,0
1833,10955/75,12,0,0,0,0,1,0
1834,10956/21,12,1,0,0,0,0,0
1835,10956/47,14,1,0,0,0,0,0
1836,10956/51,8,1,0,0,0,0,0
1837,10957/30,30,1,0,0,0,0,0
1838,10957/35,40,1,0,0,0,0,0
1839,10957/64,8,1,0,0,0,0,0
1840,10958/5,20,1,0,0,0,0,0
1841,10958/7,6,1,0,0,0,0,0
1842,10958/72,5,1,0,0,0,0,0
1843,10959/75,20,0,0,0,1,0,0
1844,10960/24,10,0,0,0,0,0,1
1845,10960/41,24,1,0,0,0,0,0
1846,10961/52,6,0,1,0,0,0,0
1847,10961/76,60,1,0,0,0,0,0
1848,10962/7,45,1,0,0,0,0,0
1849,10962/13,77,1,0,0,0,0,0
1850,10962/53,20,1,0,0,0,0,0
1851,10962/69,9,1,0,0,0,0,0
1852,10962/76,44,1,0,0,0,0,0
1853,10963/60,2,0,0,0,1,0,0
1854,10964/18,6,1,0,0,0,0,0
1855,10964/38,5,1,0,0,0,0,0
1856,10964/69,10,1,0,0,0,0,0
1857,10965/51,16,1,0,0,0,0,0
1858,10966/37,8,1,0,0,0,0,0
1859,10966/56,12,0,0,0,1,0,0
1860,10966/62,12,0,0,0,1,0,0
1861,10967/19,12,1,0,0,0,0,0
1862,10967/49,40,1,0,0,0,0,0
1863,10968/12,30,1,0,0,0,0,0
1864,10968/24,30,1,0,0,0,0,0
1865,10968/64,4,1,0,0,0,0,0
1866,10969/46,9,1,0,0,0,0,0
1867,10970/52,40,0,0,0,0,1,0
1868,10971/29,14,1,0,0,0,0,0
1869,10972/17,6,1,0,0,0,0,0
1870,10972/33,7,1,0,0,0,0,0
1871,10973/26,5,1,0,0,0,0,0
1872,10973/41,6,1,0,0,0,0,0
1873,10973/75,10,1,0,0,0,0,0
1874,10974/63,10,1,0,0,0,0,0
1875,10975/8,16,1,0,0,0,0,0
1876,10975/75,10,1,0,0,0,0,0
1877,10976/28,20,1,0,0,0,0,0
1878,10977/39,30,1,0,0,0,0,0
1879,10977/47,30,1,0,0,0,0,0
1880,10977/51,10,1,0,0,0,0,0
1881,10977/63,20,1,0,0,0,0,0
1882,10978/8,20,0,0,0,1,0,0
1883,10978/21,40,0,0,0,1,0,0
1884,10978/40,10,1,0,0,0,0,0
1885,10978/44,6,0,0,0,1,0,0
1886,10979/7,18,1,0,0,0,0,0
1887,10979/12,20,1,0,0,0,0,0
1888,10979/24,80,1,0,0,0,0,0
1889,10979/27,30,1,0,0,0,0,0
1890,10979/31,24,1,0,0,0,0,0
1891,10979/63,35,1,0,0,0,0,0
1892,10980/75,40,0,0,0,0,1,0
1893,10981/38,60,1,0,0,0,0,0
1894,10982/7,20,1,0,0,0,0,0
1895,10982/43,9,1,0,0,0,0,0
1896,10983/13,84,0,0,0,1,0,0
1897,10983/57,15,1,0,0,0,0,0
1898,10984/16,55,1,0,0,0,0,0
1899,10984/24,20,1,0,0,0,0,0
1900,10984/36,40,1,0,0,0,0,0
1901,10985/16,36,0,0,1,0,0,0
1902,10985/18,8,0,0,1,0,0,0
1903,10985/32,35,0,0,1,0,0,0
1904,10986/11,30,1,0,0,0,0,0
1905,10986/20,15,1,0,0,0,0,0
1906,10986/76,10,1,0,0,0,0,0
1907,10986/77,15,1,0,0,0,0,0
1908,10987/7,60,1,0,0,0,0,0
1909,10987/43,6,1,0,0,0,0,0
1910,10987/72,20,1,0,0,0,0,0
1911,10988/7,60,1,0,0,0,0,0
1912,10988/62,40,0,0,1,0,0,0
1913,10989/6,40,1,0,0,0,0,0
1914,10989/11,15,1,0,0,0,0,0
1915,10989/41,4,1,0,0,0,0,0
1916,10990/21,65,1,0,0,0,0,0
1917,10990/34,60,0,0,0,1,0,0
1918,10990/55,65,0,0,0,1,0,0
1919,10990/61,66,0,0,0,1,0,0
1920,10991/2,50,0,0,0,0,1,0
1921,10991/70,20,0,0,0,0,1,0
1922,10991/76,90,0,0,0,0,1,0
1923,10992/72,2,1,0,0,0,0,0
1924,10993/29,50,0,0,0,0,0,1
1925,10993/41,35,0,0,0,0,0,1
1926,10994/59,18,0,1,0,0,0,0
1927,10995/51,20,1,0,0,0,0,0
1928,10995/60,4,1,0,0,0,0,0
1929,10996/42,40,1,0,0,0,0,0
1930,10997/32,50,1,0,0,0,0,0
1931,10997/46,20,0,0,0,0,0,1
1932,10997/52,20,0,0,0,0,0,1
1933,10998/24,12,1,0,0,0,0,0
1934,10998/61,7,1,0,0,0,0,0
1935,10998/74,20,1,0,0,0,0,0
1936,10998/75,30,1,0,0,0,0,0
1937,10999/41,20,0,1,0,0,0,0
1938,10999/51,15,0,1,0,0,0,0
1939,10999/77,21,0,1,0,0,0,0
1940,11000/4,25,0,0,0,0,0,1
1941,11000/24,30,0,0,0,0,0,1
1942,11000/77,30,1,0,0,0,0,0
1943,11001/7,60,1,0,0,0,0,0
1944,11001/22,25,1,0,0,0,0,0
1945,11001/46,25,1,0,0,0,0,0
1946,11001/55,6,1,0,0,0,0,0
1947,11002/13,56,1,0,0,0,0,0
1948,11002/35,15,0,0,0,1,0,0
1949,11002/42,24,0,0,0,1,0,0
1950,11002/55,40,1,0,0,0,0,0
1951,11003/1,4,1,0,0,0,0,0
1952,11003/40,10,1,0,0,0,0,0
1953,11003/52,10,1,0,0,0,0,0
1954,11004/26,6,1,0,0,0,0,0
1955,11004/76,6,1,0,0,0,0,0
1956,11005/1,2,1,0,0,0,0,0
1957,11005/59,10,1,0,0,0,0,0
1958,11006/1,8,1,0,0,0,0,0
1959,11006/29,2,0,0,0,0,0,1
1960,11007/8,30,1,0,0,0,0,0
1961,11007/29,10,1,0,0,0,0,0
1962,11007/42,14,1,0,0,0,0,0
1963,11008/28,70,0,1,0,0,0,0
1964,11008/34,90,0,1,0,0,0,0
1965,11008/71,21,1,0,0,0,0,0
1966,11009/24,12,1,0,0,0,0,0
1967,11009/36,18,0,0,0,0,0,1
1968,11009/60,9,1,0,0,0,0,0
1969,11010/7,20,1,0,0,0,0,0
1970,11010/24,10,1,0,0,0,0,0
1971,11011/58,40,0,1,0,0,0,0
1972,11011/71,20,1,0,0,0,0,0
1973,11012/19,50,0,1,0,0,0,0
1974,11012/60,36,0,1,0,0,0,0
1975,11012/71,60,0,1,0,0,0,0
1976,11013/23,10,1,0,0,0,0,0
1977,11013/42,4,1,0,0,0,0,0
1978,11013/45,20,1,0,0,0,0,0
1979,11013/68,2,1,0,0,0,0,0
1980,11014/41,28,0,0,1,0,0,0
1981,11015/30,15,1,0,0,0,0,0
1982,11015/77,18,1,0,0,0,0,0
1983,11016/31,15,1,0,0,0,0,0
1984,11016/36,16,1,0,0,0,0,0
1985,11017/3,25,1,0,0,0,0,0
1986,11017/59,110,1,0,0,0,0,0
1987,11017/70,30,1,0,0,0,0,0
1988,11018/12,20,1,0,0,0,0,0
1989,11018/18,10,1,0,0,0,0,0
1990,11018/56,5,1,0,0,0,0,0
1991,11019/46,3,1,0,0,0,0,0
1992,11019/49,2,1,0,0,0,0,0
1993,11020/10,24,0,0,0,1,0,0
1994,11021/2,11,0,0,0,0,0,1
1995,11021/20,15,1,0,0,0,0,0
1996,11021/26,63,1,0,0,0,0,0
1997,11021/51,44,0,0,0,0,0,1
1998,11021/72,35,1,0,0,0,0,0
1999,11022/19,35,1,0,0,0,0,0
2000,11022/69,30,1,0,0,0,0,0
2001,11023/7,4,1,0,0,0,0,0
2002,11023/43,30,1,0,0,0,0,0
2003,11024/26,12,1,0,0,0,0,0
2004,11024/33,30,1,0,0,0,0,0
2005,11024/65,21,1,0,0,0,0,0
2006,11024/71,50,1,0,0,0,0,0
2007,11025/1,10,0,0,1,0,0,0
2008,11025/13,20,0,0,1,0,0,0
2009,11026/18,8,1,0,0,0,0,0
2010,11026/51,10,1,0,0,0,0,0
2011,11027/24,30,0,0,0,0,0,1
2012,11027/62,21,0,0,0,0,0,1
2013,11028/55,35,1,0,0,0,0,0
2014,11028/59,24,1,0,0,0,0,0
2015,11029/56,20,1,0,0,0,0,0
2016,11029/63,12,1,0,0,0,0,0
2017,11030/2,100,0,0,0,0,0,1
2018,11030/5,70,1,0,0,0,0,0
2019,11030/29,60,0,0,0,0,0,1
2020,11030/59,100,0,0,0,0,0,1
2021,11031/1,45,1,0,0,0,0,0
2022,11031/13,80,1,0,0,0,0,0
2023,11031/24,21,1,0,0,0,0,0
2024,11031/64,20,1,0,0,0,0,0
2025,11031/71,16,1,0,0,0,0,0
2026,11032/36,35,1,0,0,0,0,0
2027,11032/38,25,1,0,0,0,0,0
2028,11032/59,30,1,0,0,0,0,0
2029,11033/53,70,0,0,1,0,0,0
2030,11033/69,36,0,0,1,0,0,0
2031,11034/21,15,0,0,1,0,0,0
2032,11034/44,12,1,0,0,0,0,0
2033,11034/61,6,1,0,0,0,0,0
2034,11035/1,10,1,0,0,0,0,0
2035,11035/35,60,1,0,0,0,0,0
2036,11035/42,30,1,0,0,0,0,0
2037,11035/54,10,1,0,0,0,0,0
2038,11036/13,7,1,0,0,0,0,0
2039,11036/59,30,1,0,0,0,0,0
2040,11037/70,4,1,0,0,0,0,0
2041,11038/40,5,0,0,0,0,1,0
2042,11038/52,2,1,0,0,0,0,0
2043,11038/71,30,1,0,0,0,0,0
2044,11039/28,20,1,0,0,0,0,0
2045,11039/35,24,1,0,0,0,0,0
2046,11039/49,60,1,0,0,0,0,0
2047,11039/57,28,1,0,0,0,0,0
2048,11040/21,20,1,0,0,0,0,0
2049,11041/2,30,0,0,0,0,1,0
2050,11041/63,30,1,0,0,0,0,0
2051,11042/44,15,1,0,0,0,0,0
2052,11042/61,4,1,0,0,0,0,0
2053,11043/11,10,1,0,0,0,0,0
2054,11044/62,12,1,0,0,0,0,0
2055,11045/33,15,1,0,0,0,0,0
2056,11045/51,24,1,0,0,0,0,0
2057,11046/12,20,0,1,0,0,0,0
2058,11046/32,15,0,1,0,0,0,0
2059,11046/35,18,0,1,0,0,0,0
2060,11047/1,25,0,0,0,0,0,1
2061,11047/5,30,0,0,0,0,0,1
2062,11048/68,42,1,0,0,0,0,0
2063,11049/2,10,0,0,0,0,1,0
2064,11049/12,4,0,0,0,0,1,0
2065,11050/76,50,0,0,1,0,0,0
2066,11051/24,10,0,0,0,0,1,0
2067,11052/43,30,0,0,0,0,1,0
2068,11052/61,10,0,0,0,0,1,0
2069,11053/18,35,0,0,0,0,1,0
2070,11053/32,20,1,0,0,0,0,0
2071,11053/64,25,0,0,0,0,1,0
2072,11054/33,10,1,0,0,0,0,0
2073,11054/67,20,1,0,0,0,0,0
2074,11055/24,15,1,0,0,0,0,0
2075,11055/25,15,1,0,0,0,0,0
2076,11055/51,20,1,0,0,0,0,0
2077,11055/57,20,1,0,0,0,0,0
2078,11056/7,40,1,0,0,0,0,0
2079,11056/55,35,1,0,0,0,0,0
2080,11056/60,50,1,0,0,0,0,0
2081,11057/70,3,1,0,0,0,0,0
2082,11058/21,3,1,0,0,0,0,0
2083,11058/60,21,1,0,0,0,0,0
2084,11058/61,4,1,0,0,0,0,0
2085,11059/13,30,1,0,0,0,0,0
2086,11059/17,12,1,0,0,0,0,0
2087,11059/60,35,1,0,0,0,0,0
2088,11060/60,4,1,0,0,0,0,0
2089,11060/77,10,1,0,0,0,0,0
2090,11061/60,15,1,0,0,0,0,0
2091,11062/53,10,0,0,0,0,1,0
2092,11062/70,12,0,0,0,0,1,0
2093,11063/34,30,1,0,0,0,0,0
2094,11063/40,40,0,0,1,0,0,0
2095,11063/41,30,0,0,1,0,0,0
2096,11064/17,77,0,0,1,0,0,0
2097,11064/41,12,1,0,0,0,0,0
2098,11064/53,25,0,0,1,0,0,0
2099,11064/55,4,0,0,1,0,0,0
2100,11064/68,55,1,0,0,0,0,0
2101,11065/30,4,0,0,0,0,0,1
2102,11065/54,20,0,0,0,0,0,1
2103,11066/16,3,1,0,0,0,0,0
2104,11066/19,42,1,0,0,0,0,0
2105,11066/34,35,1,0,0,0,0,0
2106,11067/41,9,1,0,0,0,0,0
2107,11068/28,8,0,0,0,1,0,0
2108,11068/43,36,0,0,0,1,0,0
2109,11068/77,28,0,0,0,1,0,0
2110,11069/39,20,1,0,0,0,0,0
2111,11070/1,40,0,0,0,1,0,0
2112,11070/2,20,0,0,0,1,0,0
2113,11070/16,30,0,0,0,1,0,0
2114,11070/31,20,1,0,0,0,0,0
2115,11071/7,15,0,1,0,0,0,0
2116,11071/13,10,0,1,0,0,0,0
2117,11072/2,8,1,0,0,0,0,0
2118,11072/41,40,1,0,0,0,0,0
2119,11072/50,22,1,0,0,0,0,0
2120,11072/64,130,1,0,0,0,0,0
2121,11073/11,10,1,0,0,0,0,0
2122,11073/24,20,1,0,0,0,0,0
2123,11074/16,14,0,1,0,0,0,0
2124,11075/2,10,0,0,0,1,0,0
2125,11075/46,30,0,0,0,1,0,0
2126,11075/76,2,0,0,0,1,0,0
2127,11076/6,20,0,0,0,0,0,1
2128,11076/14,20,0,0,0,0,0,1
2129,11076/19,10,0,0,0,0,0,1
2130,11077/2,24,0,0,0,0,1,0
2131,11077/3,4,1,0,0,0,0,0
2132,11077/4,1,1,0,0,0,0,0
2133,11077/7,1,0,1,0,0,0,0
2134,11077/8,2,0,0,1,0,0,0
2135,11077/10,1,1,0,0,0,0,0
2136,11077/12,2,0,1,0,0,0,0
2137,11077/13,4,1,0,0,0,0,0
2138,11077/23,2,1,0,0,0,0,0
2139,11077/32,1,1,0,0,0,0,0
2140,11077/39,2,0,1,0,0,0,0
2141,11077/41,3,1,0,0,0,0,0
2142,11077/52,2,1,0,0,0,0,0
2143,11077/55,2,1,0,0,0,0,0
2144,11077/66,1,1,0,0,0,0,0
2145,11077/75,4,1,0,0,0,0,0
2146,11077/77,2,1,0,0,0,0,0
